"member_id","member_name","party","party_bloc","term","dwnom_1d"
"W168182V","김관영","무소속","independent",20,0.0377022884786129
"LH97552Q","김도읍","국민의힘","conservative",20,0.528881907463074
"0W194007","김영주","국민의힘","conservative",20,-0.131172820925713
"1MU99298","김철민","더불어민주당","liberal",20,-0.134539917111397
"1WE5693J","김태년","더불어민주당","liberal",20,-0.121278204023838
"09I2323E","김한정","더불어민주당","liberal",20,-0.191483646631241
"SQ36001H","송기헌","더불어민주당","liberal",20,-0.209852054715157
"YOG1280B","안철수","국민의힘","conservative",20,0.459423214197159
"Q6G2914I","윤종필","미래한국당","conservative",20,0.580664455890656
"DKB8522X","정인화","무소속","independent",20,0.222301781177521
"AFQ26679","주광덕","미래통합당","conservative",20,0.447340905666351
"XQ98168F","강길부","무소속","independent",20,0.307574898004532
"60490713","강병원","더불어민주당","liberal",20,-0.102825216948986
"IH436704","강석진","미래통합당","conservative",20,0.435645699501038
"9WQ7845Z","강효상","미래통합당","conservative",20,0.690796196460724
"TRE2429O","강훈식","더불어민주당","liberal",20,-0.274559646844864
"6V37131U","고용진","더불어민주당","liberal",20,-0.045932836830616
"Q6A9034Q","곽대훈","무소속","independent",20,0.6489377617836
"RH454994","권미혁","더불어민주당","liberal",20,-0.343122333288193
"C7E79345","권칠승","더불어민주당","liberal",20,-0.157592609524727
"B7R2742J","기동민","더불어민주당","liberal",20,-0.0874202772974968
"ZKU88693","김경협","더불어민주당","liberal",20,-0.404786616563797
"OC037566","김규환","미래한국당","conservative",20,0.572760581970215
"DCR84445","김동철","민생당","liberal_minor",20,0.326931744813919
"NTT8182Q","김민기","더불어민주당","liberal",20,-0.438095033168793
"QB390802","김병관","더불어민주당","liberal",20,-0.269112974405289
"GFF1986K","김병욱","더불어민주당","liberal",20,-0.0544419884681702
"DTG4846A","김선동","미래통합당","conservative",20,0.552640497684479
"RCF90176","김성식","무소속","independent",20,0.0222299490123987
"5K343700","김수민","민생당","liberal_minor",20,0.273896187543869
"8WC7967F","김승희","미래한국당","conservative",20,0.626922369003296
"5765663F","김영진","더불어민주당","liberal",20,-0.0717975720763206
"7BM2933Y","김영호","더불어민주당","liberal",20,-0.283631205558777
"6RP89579","김정우","더불어민주당","liberal",20,-0.0903885662555695
"I0F2578R","김종대","정의당","progressive",20,-0.622182548046112
"HTK5293K","김종회","무소속","independent",20,-0.101358272135258
"A935446Z","김종훈","민중당","independent",20,-0.686204850673676
"SY09851R","김중로","민생당","liberal_minor",20,0.393730163574219
"N6C1899K","김진태","미래통합당","conservative",20,0.658268630504608
"YBM9779M","김한표","미래통합당","conservative",20,0.436467528343201
"CXA6162I","김현아","미래통합당","conservative",20,0.550854325294495
"WV97281W","문진국","미래한국당","conservative",20,0.382895320653915
"Y3E8697I","민경욱","미래통합당","conservative",20,0.543911337852478
"EUR98126","박맹우","미래한국당","conservative",20,0.465478360652924
"YLM92014","박순자","미래통합당","conservative",20,0.143218964338303
"A3H7195R","박완주","무소속","independent",20,-0.251914203166962
"IQ54138I","박인숙","미래통합당","conservative",20,0.559582769870758
"XT18076X","박주선","민생당","liberal_minor",20,-0.225301772356033
"UDB4825U","박주현","민생당","liberal_minor",20,-0.394178479909897
"8EL9225R","박준영","민주평화당","independent",20,-0.247513309121132
"BT62420K","박찬대","더불어민주당","liberal",20,-0.300037652254105
"9CR4440H","배덕광","자유한국당","conservative",20,0.455220013856888
"8DK7238W","백재현","더불어민주당","liberal",20,-0.245207503437996
"TKJ4800F","서영교","더불어민주당","liberal",20,-0.177606776356697
"7XY7109I","성일종","국민의힘","conservative",20,0.564073860645294
"ZDR63255","소병훈","더불어민주당","liberal",20,-0.365446984767914
"ZBX31520","손혜원","열린민주당","liberal_minor",20,-0.38191831111908
"CNW5754J","송석준","국민의힘","conservative",20,0.47437059879303
"FGX4881A","심재철","미래통합당","conservative",20,0.514833509922028
"TST4507I","안규백","더불어민주당","liberal",20,-0.173318922519684
"XEF29171","안호영","더불어민주당","liberal",20,-0.123048938810825
"B6F5266B","엄용수","자유한국당","conservative",20,0.545946061611176
"6DG91769","원혜영","더불어민주당","liberal",20,-0.0639672577381134
"RQQ3807K","위성곤","더불어민주당","liberal",20,-0.402631849050522
"GX38539O","유동수","더불어민주당","liberal",20,-0.139918774366379
"I7Z3068X","유성엽","민생당","liberal_minor",20,-0.268665462732315
"8X46899U","윤소하","정의당","progressive",20,-0.67638087272644
"U9G5099O","윤영일","민생당","liberal_minor",20,0.127832353115082
"I7R13867","이개호","더불어민주당","liberal",20,-0.147499099373817
"OQO34632","이동섭","민생당","liberal_minor",20,0.182026103138924
"X9Y63914","이용주","무소속","independent",20,-0.121743083000183
"3ZR4438W","이인영","더불어민주당","liberal",20,-0.314034819602966
"2SE64657","이장우","미래통합당","conservative",20,0.578383564949036
"UQ282145","이재정","더불어민주당","liberal",20,-0.440256267786026
"7AN97172","이정현","무소속","independent",20,0.377092778682709
"2XI97689","이종구","미래통합당","conservative",20,0.540757060050964
"11N7618M","이종명","미래한국당","conservative",20,0.48969379067421
"8IN46764","이주영","미래통합당","conservative",20,0.469190418720245
"0ID22746","이진복","미래통합당","conservative",20,0.594336211681366
"LSK9789D","이철희","더불어민주당","liberal",20,-0.253750801086426
"K5F2023J","이학영","더불어민주당","liberal",20,-0.214856714010239
"EH27538E","임이자","국민의힘","conservative",20,0.501773536205292
"V8I36226","장병완","민생당","liberal_minor",20,-0.131427064538002
"9YO73104","전재수","더불어민주당","liberal",20,-0.201679885387421
"QZF33498","전희경","미래통합당","conservative",20,0.788624703884125
"0E97245Y","정양석","미래통합당","conservative",20,0.459125250577927
"8KB8281W","제윤경","더불어민주당","liberal",20,-0.26764914393425
"5KV82250","조경태","국민의힘","conservative",20,0.559034824371338
"D397960C","조훈현","미래한국당","conservative",20,0.487677574157715
"ZJI5740K","최운열","더불어민주당","liberal",20,-0.193210706114769
"EX94352K","표창원","더불어민주당","liberal",20,-0.173022955656052
"1KD95875","함진규","미래통합당","conservative",20,0.425812304019928
"KR14136C","홍영표","새로운미래","centrist",20,-0.326815515756607
"0VU8517U","황희","더불어민주당","liberal",20,-0.113713897764683
"MHK9919B","곽상도","무소속","independent",20,0.688213229179382
"YKW37422","권은희","국민의힘","conservative",20,0.393481016159058
"PP08673W","김경수","더불어민주당","liberal",20,-0.107245773077011
"YVN3115U","김경진","무소속","independent",20,-0.248569443821907
"3NM5411H","김광수","무소속","independent",20,-0.44541010260582
"NNP30098","김기선","미래한국당","conservative",20,0.627289235591888
"9EA39580","김명연","미래통합당","conservative",20,0.496803373098373
"8Q88373R","김병기","무소속","independent",20,-0.231208607554436
"1Y73132H","김상훈","국민의힘","conservative",20,0.484579592943192
"GXT11570","김성수","더불어민주당","liberal",20,-0.246754050254822
"9D939735","김성원","국민의힘","conservative",20,0.521583080291748
"BQS2021C","김성태","미래통합당","conservative",20,0.358894526958466
"7KD2317D","김순례","미래한국당","conservative",20,0.567287027835846
"06X3845L","김종석","미래한국당","conservative",20,0.530474424362183
"6QU2958D","김해영","더불어민주당","liberal",20,0.030124032869935
"MPV9321A","김현권","더불어민주당","liberal",20,-0.346931725740433
"GN240959","노회찬","정의당","progressive",20,-0.587983191013336
"TGL10010","문미옥","더불어민주당","liberal",20,-0.300097942352295
"JMD3241I","박경미","더불어민주당","liberal",20,-0.219879135489464
"24E9427D","박남춘","더불어민주당","liberal",20,-0.0304614435881376
"MC32279F","박선숙","민생당","liberal_minor",20,-0.143407821655273
"QUO78839","박재호","더불어민주당","liberal",20,-0.260963529348373
"4019850M","박정","더불어민주당","liberal",20,-0.239200100302696
"6AU2417B","박주민","더불어민주당","liberal",20,-0.29382586479187
"8BF5855P","박지원","더불어민주당","liberal",20,-0.0340893492102623
"S824682L","박홍근","더불어민주당","liberal",20,-0.218932196497917
"HSS7466Y","백혜련","더불어민주당","liberal",20,-0.208018809556961
"6N28669V","서형수","더불어민주당","liberal",20,-0.303364187479019
"PAO22428","송영길","더불어민주당","liberal",20,-0.235754191875458
"3249208I","송옥주","더불어민주당","liberal",20,-0.312511116266251
"1PZ8289D","송희경","미래한국당","conservative",20,0.457729250192642
"G1570880","신동근","더불어민주당","liberal",20,-0.289011120796204
"HE838063","신보라","미래통합당","conservative",20,0.514180481433868
"ZA54991S","안민석","더불어민주당","liberal",20,-0.21322213113308
"A486635H","안상수","미래통합당","conservative",20,0.568273365497589
"TIS61927","양승조","더불어민주당","liberal",20,-0.00372063810937107
"SSF6805Q","염동열","미래한국당","conservative",20,0.462578773498535
"M6K7940A","오세정","바른미래당","independent",20,0.377886533737183
"21N57758","오영훈","더불어민주당","liberal",20,-0.140518680214882
"5CO4531H","유은혜","더불어민주당","liberal",20,-0.327957093715668
"3TP65086","윤종오","진보당","progressive",20,-0.663918077945709
"8X15119P","윤한홍","국민의힘","conservative",20,0.718322217464447
"M0A1658U","윤호중","더불어민주당","liberal",20,-0.0765890851616859
"DBA1057Z","이용호","국민의힘","conservative",20,0.390929937362671
"16D7652C","이원욱","개혁신당","centrist",20,-0.251874417066574
"WDS6044S","이채익","국민의힘","conservative",20,0.482833176851273
"TZP9391O","이철규","국민의힘","conservative",20,0.587635576725006
"QTW6852F","이태규","국민의힘","conservative",20,0.51185131072998
"EVH1507C","이헌승","국민의힘","conservative",20,0.542264819145203
"MBS2896E","이현재","무소속","independent",20,0.61595094203949
"UM51067K","인재근","더불어민주당","liberal",20,-0.252732157707214
"E6U4345C","임종성","더불어민주당","liberal",20,-0.404311627149582
"0AI7568W","장정숙","민생당","liberal_minor",20,-0.33351993560791
"ARP89147","정동영","더불어민주당","liberal",20,-0.146304443478584
"DCN7433W","정세균","더불어민주당","liberal",20,0.0307583548128605
"0GF6251P","정유섭","미래통합당","conservative",20,0.547658920288086
"FYI20317","조승래","더불어민주당","liberal",20,-0.273553967475891
"IN328264","조정식","더불어민주당","liberal",20,-0.0718770176172256
"GDN7894V","채이배","민생당","liberal_minor",20,0.554830133914948
"O8E1566L","최도자","민생당","liberal_minor",20,-0.0760300010442734
"16I8621J","최연혜","미래통합당","conservative",20,0.623949110507965
"GW55008L","홍의락","더불어민주당","liberal",20,-0.379287779331207
"C7Z8238W","황영철","자유한국당","conservative",20,0.354761183261871
"23D73143","경대수","미래통합당","conservative",20,0.50661313533783
"GDG1847Z","권성동","국민의힘","conservative",20,0.704711198806763
"CI15627C","김두관","더불어민주당","liberal",20,-0.377519935369492
"SNJ6318D","김무성","미래통합당","conservative",20,0.668475806713104
"ZL32287Z","김삼화","민생당","liberal_minor",20,0.266752421855927
"UGH6481E","김상희","더불어민주당","liberal",20,-0.35651433467865
"ZYP7962W","김석기","국민의힘","conservative",20,0.491652727127075
"PLR62452","김영우","미래통합당","conservative",20,0.439771503210068
"E1J8836Y","김정재","국민의힘","conservative",20,0.501155436038971
"Q9H5708M","김진표","무소속","independent",20,-0.0386477112770081
"IYD4143Y","문희상","무소속","independent",20,0.0294032450765371
"O6D8329R","민홍철","더불어민주당","liberal",20,-0.279994428157806
"OTE19384","박명재","미래통합당","conservative",20,0.674593687057495
"7R156073","박범계","더불어민주당","liberal",20,-0.215562611818314
"D0C85236","박완수","국민의힘","conservative",20,0.551139414310455
"PEP6922S","박용진","더불어민주당","liberal",20,-0.364748358726501
"OW53107J","설훈","새로운미래","centrist",20,-0.312765449285507
"MTK2954E","신용현","민생당","liberal_minor",20,0.293058514595032
"WYC63862","신창현","더불어민주당","liberal",20,-0.135880351066589
"VXQ28579","심재권","더불어민주당","liberal",20,-0.11855361610651
"QKY38290","여상규","미래한국당","conservative",20,0.532708168029785
"TZD17894","원유철","미래한국당","conservative",20,0.414580076932907
"I5V5327I","유민봉","미래통합당","conservative",20,0.496719151735306
"SEK1881Q","유재중","미래통합당","conservative",20,0.670040845870972
"JMY9959W","윤관석","무소속","independent",20,-0.105807110667229
"OSV9142K","이만희","국민의힘","conservative",20,0.53189080953598
"6YT83269","이명수","국민의힘","conservative",20,0.44381320476532
"ZYH1940A","이상민","국민의힘","conservative",20,-0.314761877059937
"8WV8289I","이완영","자유한국당","conservative",20,0.482035785913467
"ABT2266H","이용득","더불어민주당","liberal",20,-0.322826653718948
"0582116P","이우현","자유한국당","conservative",20,0.488341182470322
"DVD2735W","이은권","미래통합당","conservative",20,0.657926499843597
"WDR7061Y","이종걸","더불어민주당","liberal",20,-0.343246728181839
"HSW1214Q","이종배","국민의힘","conservative",20,0.509509384632111
"BWD92364","이찬열","미래통합당","conservative",20,-0.126076430082321
"V2R7430Z","이춘석","무소속","independent",20,-0.284712791442871
"WNN9272X","장석춘","미래한국당","conservative",20,0.537778198719025
"CZB4125D","장제원","국민의힘","conservative",20,0.473977655172348
"BM63269Y","전해철","더불어민주당","liberal",20,-0.0480548590421677
"V429892C","정성호","더불어민주당","liberal",20,-0.11838760226965
"ZGA4092Y","정용기","미래통합당","conservative",20,0.466095685958862
"IWK63872","조배숙","국민의힘","conservative",20,0.390949040651321
"CDL93608","조응천","개혁신당","centrist",20,-0.345596700906754
"5HG31863","지상욱","미래통합당","conservative",20,0.430398851633072
"IDV9108J","진영","더불어민주당","liberal",20,-0.015155415982008
"LPB30152","최인호","더불어민주당","liberal",20,-0.121134772896767
"GD131760","홍문표","국민의힘","conservative",20,0.414306968450546
"R365233W","홍철호","미래통합당","conservative",20,0.453589081764221
"JOY4394O","황주홍","민생당","liberal_minor",20,-0.0234458986669779
"8I61593E","강석호","미래통합당","conservative",20,0.612710952758789
"QZR19240","금태섭","더불어민주당","liberal",20,-0.0980204418301582
"MGE7194M","김광림","미래통합당","conservative",20,0.627910077571869
"UIZ3103R","김부겸","더불어민주당","liberal",20,-0.210174575448036
"2WQ6656P","김세연","미래통합당","conservative",20,0.394158512353897
"TWL5801D","김영춘","더불어민주당","liberal",20,-0.309451639652252
"AMF4093D","김용태","미래통합당","conservative",20,0.718076229095459
"M3Z17237","김재경","미래통합당","conservative",20,0.403612285852432
"M2Q9024I","김종민","무소속","independent",20,-0.258434176445007
"9XB6464U","김현미","더불어민주당","liberal",20,-0.00899605825543404
"0827740Q","노웅래","더불어민주당","liberal",20,-0.187661990523338
"J2O8643H","도종환","더불어민주당","liberal",20,-0.344566017389297
"39P2522W","민병두","무소속","independent",20,-0.281242191791534
"K3W33496","박광온","더불어민주당","liberal",20,-0.18161503970623
"W4X85128","박대출","국민의힘","conservative",20,0.77417665719986
"N4R2421C","박덕흠","국민의힘","conservative",20,0.49088528752327
"BLC8630L","박병석","더불어민주당","liberal",20,-0.150516495108604
"8T51904N","박찬우","자유한국당","conservative",20,0.566650688648224
"O0G3169T","백승주","미래한국당","conservative",20,0.549962222576141
"4Y54669I","서청원","우리공화당","independent",20,0.350106000900269
"A8O42480","손금주","더불어민주당","liberal",20,0.15748630464077
"7BV5480O","송기석","국민의당","independent",20,0.223238557577133
"BN49469V","신경민","더불어민주당","liberal",20,-0.270145803689957
"8FB1535Y","어기구","더불어민주당","liberal",20,-0.262764990329742
"H337332S","오신환","미래통합당","conservative",20,0.399939060211182
"SVH30067","오제세","더불어민주당","liberal",20,-0.110541895031929
"V0O5343U","우상호","더불어민주당","liberal",20,-0.173129364848137
"LDY9563L","윤상직","미래통합당","conservative",20,0.643426954746246
"ZRF3039U","윤재옥","국민의힘","conservative",20,0.548781096935272
"JWW6081H","이상돈","민생당","liberal_minor",20,0.259285986423492
"S9U45255","이양수","국민의힘","conservative",20,0.52224212884903
"IQN7588X","이은재","무소속","independent",20,0.539690852165222
"IUE5875N","이정미","정의당","progressive",20,-0.651457905769348
"NS06841K","이철우","자유한국당","conservative",20,0.372881591320038
"BTP28870","이훈","더불어민주당","liberal",20,-0.439725518226624
"25G2571T","전현희","더불어민주당","liberal",20,-0.0791171044111252
"N9X9673B","전혜숙","무소속","independent",20,-0.20469081401825
"CYD5815E","정갑윤","미래통합당","conservative",20,0.555758833885193
"P303213F","정병국","미래통합당","conservative",20,0.460215479135513
"VHK3402G","정우택","국민의힘","conservative",20,0.556240439414978
"NZF1659U","정운천","국민의힘","conservative",20,0.424741059541702
"9S468336","정재호","더불어민주당","liberal",20,-0.273569345474243
"CJX51868","정종섭","미래통합당","conservative",20,0.632018148899078
"NQR1206Q","정진석","국민의힘","conservative",20,0.496533334255219
"MD083627","정춘숙","더불어민주당","liberal",20,-0.238640666007996
"GCA42857","주승용","민생당","liberal_minor",20,0.150577738881111
"68P7228G","진선미","더불어민주당","liberal",20,-0.111969381570816
"U013741R","최명길","국민의당","independent",20,-0.403070569038391
"G152611B","추경호","국민의힘","conservative",20,0.592148661613464
"URV1689Q","추미애","더불어민주당","liberal",20,-0.291771531105042
"XTB3104O","추혜선","정의당","progressive",20,-0.667623400688171
"I0S53762","하태경","국민의힘","conservative",20,0.468398720026016
"XPP2564T","한정애","더불어민주당","liberal",20,-0.331746280193329
"FRN1867O","홍익표","더불어민주당","liberal",20,-0.375771999359131
"MO52543L","변재일","더불어민주당","liberal",20,-0.249834641814232
"71M8132V","신상진","미래통합당","conservative",20,0.584800124168396
"SU53086M","심상정","정의당","progressive",20,-0.772821843624115
"CAL85655","유기준","미래통합당","conservative",20,0.483192950487137
"9BE5694R","유승희","더불어민주당","liberal",20,-0.24114479124546
"MRK4871S","유의동","국민의힘","conservative",20,0.563882231712341
"06571503","정태옥","무소속","independent",20,0.572992503643036
"VNF2868Z","조원진","우리공화당","independent",20,0.73744922876358
"8SV6917G","주호영","국민의힘","conservative",20,0.654495716094971
"TO79481Z","최교일","미래통합당","conservative",20,0.449345946311951
"PAB29217","김성찬","미래한국당","conservative",20,0.515275955200195
"64G6894C","김정훈","미래한국당","conservative",20,0.400302916765213
"04T3751T","남인순","더불어민주당","liberal",20,-0.273415505886078
"XBT9550Q","우원식","무소속","independent",20,-0.289964228868484
"PWU27609","유승민","미래통합당","conservative",20,0.345388054847717
"0135473I","이군현","자유한국당","conservative",20,0.494180142879486
"JG77046J","이언주","더불어민주당","liberal",20,-0.166954457759857
"AJV31724","이학재","미래통합당","conservative",20,0.594933569431305
"LCJ77278","이혜훈","미래통합당","conservative",20,0.340531021356583
"T2K9554I","홍문종","친박신당","independent",20,0.634315550327301
"06L2365K","홍일표","미래통합당","conservative",20,0.606456875801086
"TOU1222X","강창일","더불어민주당","liberal",20,-0.358794659376144
"O149331C","권석창","자유한국당","conservative",20,0.463001757860184
"DAN6731C","박성중","국민의힘","conservative",20,0.759630620479584
"F5U2979W","김학용","국민의힘","conservative",20,0.516324698925018
"S8431719","박영선","더불어민주당","liberal",20,-0.329619824886322
"9VR65006","윤영석","국민의힘","conservative",20,0.534542918205261
"9ZP9014Q","이해찬","더불어민주당","liberal",20,-0.0679256469011307
"ZX71333R","한선교","미래한국당","conservative",20,0.620765388011932
"KA04352K","최경환","민생당","liberal_minor",20,-0.439636081457138
"MSY7784L","윤상현","국민의힘","conservative",20,0.482462853193283
"3SP89633","천정배","민생당","liberal_minor",20,-0.263084828853607
"SLW27496","나경원","국민의힘","conservative",20,0.61727786064148
"GMK1374L","이석현","더불어민주당","liberal",20,-0.0673233196139336
"O7R5461J","윤후덕","더불어민주당","liberal",20,-0.254432201385498
"TVF3669B","김태흠","국민의힘","conservative",20,0.636671304702759
"9414335X","심기준","더불어민주당","liberal",20,-0.144680500030518
"QZU9232M","김재원","미래통합당","conservative",20,0.609522581100464
"R7N74579","이수혁","더불어민주당","liberal",20,-0.0155069595202804
"6EN68926","송언석","국민의힘","conservative",20,0.542134821414948
"9FL71418","이규희","더불어민주당","liberal",20,-0.0590963922441006
"WVU2479T","이상헌","무소속","independent",20,-0.114141225814819
"FOK3459D","서삼석","더불어민주당","liberal",20,-0.168974548578262
"RD42006Y","송갑석","더불어민주당","liberal",20,-0.204540684819221
"5DR6334X","윤일규","더불어민주당","liberal",20,-0.272700846195221
"7W35098M","윤준호","더불어민주당","liberal",20,-0.0759585648775101
"QXD2505Y","이후삼","더불어민주당","liberal",20,-0.173165753483772
"VE469451","최재성","더불어민주당","liberal",20,-0.0249749664217234
"XSP20229","김성환","더불어민주당","liberal",20,-0.240959867835045
"9LD2641Q","김정호","더불어민주당","liberal",20,-0.236995786428452
"FJK3396E","맹성규","더불어민주당","liberal",20,-0.109868325293064
"BIR8594P","임재훈","민생당","liberal_minor",20,-0.244411900639534
"B751170H","여영국","정의당","progressive",20,-0.631117939949036
"LJK4960Z","정점식","국민의힘","conservative",20,0.54169774055481
"DQL3007B","정은혜","더불어민주당","liberal",20,-0.225341334939003
"14M56632","강기윤","국민의힘","conservative",21,0.537828922271729
"L2I9861C","강대식","국민의힘","conservative",21,0.618465721607208
"C7E79345","권칠승","더불어민주당","liberal",21,-0.157592609524727
"1BX7234U","김경만","더불어민주당","liberal",21,-0.071679025888443
"6399076T","김민철","더불어민주당","liberal",21,-0.0584704801440239
"GF286398","김병주","더불어민주당","liberal",21,-0.120455108582973
"ZYP7962W","김석기","국민의힘","conservative",21,0.491652727127075
"JNL7001A","김선교","국민의힘","conservative",21,0.603323936462402
"XSP20229","김성환","더불어민주당","liberal",21,-0.240959867835045
"0W194007","김영주","국민의힘","conservative",21,-0.131172820925713
"LNR7932L","김진애","열린민주당","liberal_minor",21,-0.262040197849274
"Q9H5708M","김진표","무소속","independent",21,-0.0386477112770081
"09I2323E","김한정","더불어민주당","liberal",21,-0.191483646631241
"DAN6731C","박성중","국민의힘","conservative",21,0.759630620479584
"FU87526G","박수영","국민의힘","conservative",21,0.634523153305054
"40S1959J","박영순","새로운미래","centrist",21,-0.409135788679123
"QKO6165V","박진","국민의힘","conservative",21,0.528556764125824
"A2V51235","배진교","정의당","progressive",21,-0.901521563529968
"CAA7713A","백종헌","국민의힘","conservative",21,0.43975231051445
"XR24352K","서영석","더불어민주당","liberal",21,-0.155787631869316
"MR210505","서일준","국민의힘","conservative",21,0.54389500617981
"AFH96856","신영대","더불어민주당","liberal",21,-0.253435522317886
"TST4507I","안규백","더불어민주당","liberal",21,-0.173318922519684
"8FB1535Y","어기구","더불어민주당","liberal",21,-0.262764990329742
"21N57758","오영훈","더불어민주당","liberal",21,-0.140518680214882
"GX38539O","유동수","더불어민주당","liberal",21,-0.139918774366379
"O7R5461J","윤후덕","더불어민주당","liberal",21,-0.254432201385498
"4A067125","이광재","더불어민주당","liberal",21,-0.0963777303695679
"HKJ99607","이병훈","더불어민주당","liberal",21,-0.103543229401112
"1X376850","이영","국민의힘","conservative",21,0.578733205795288
"GKD32201","이용빈","더불어민주당","liberal",21,-0.308526635169983
"DAV7257X","이원택","더불어민주당","liberal",21,-0.184348568320274
"3ZR4438W","이인영","더불어민주당","liberal",21,-0.314034819602966
"FDC3144T","이종성","국민의힘","conservative",21,0.603896200656891
"K5F2023J","이학영","더불어민주당","liberal",21,-0.214856714010239
"DPZ7685X","전봉민","국민의힘","conservative",21,0.478986918926239
"BM63269Y","전해철","더불어민주당","liberal",21,-0.0480548590421677
"LT72093S","정일영","더불어민주당","liberal",21,-0.202062800526619
"TP066860","정정순","더불어민주당","liberal",21,-0.147340133786201
"NQR1206Q","정진석","국민의힘","conservative",21,0.496533334255219
"CDL93608","조응천","개혁신당","centrist",21,-0.345596700906754
"WJL30106","조정훈","국민의힘","conservative",21,0.357676267623901
"I434361W","조태용","국민의힘","conservative",21,0.541940987110138
"A494529E","천준호","더불어민주당","liberal",21,-0.237146332859993
"G152611B","추경호","국민의힘","conservative",21,0.592148661613464
"0VU8517U","황희","더불어민주당","liberal",21,-0.113713897764683
"8P37634C","강득구","더불어민주당","liberal",21,-0.19245707988739
"GX22581L","강민국","국민의힘","conservative",21,0.654388546943665
"P2N50879","강민정","더불어민주당","liberal",21,-0.575326919555664
"60490713","강병원","더불어민주당","liberal",21,-0.102825216948986
"MNZ4401T","강선우","무소속","independent",21,-0.3528051674366
"WMG57662","강은미","정의당","progressive",21,-0.937645256519318
"5KV96424","강준현","더불어민주당","liberal",21,-0.097207561135292
"TRE2429O","강훈식","더불어민주당","liberal",21,-0.274559646844864
"WCD5518S","고민정","더불어민주당","liberal",21,-0.335792422294617
"4XG1439M","고영인","더불어민주당","liberal",21,-0.0737256929278374
"MHK9919B","곽상도","무소속","independent",21,0.688213229179382
"7469929V","구자근","국민의힘","conservative",21,0.504517495632172
"E9R4507P","권명호","국민의힘","conservative",21,0.607772052288055
"GDG1847Z","권성동","국민의힘","conservative",21,0.704711198806763
"3TO11703","권인숙","더불어민주당","liberal",21,-0.358937382698059
"B7R2742J","기동민","더불어민주당","liberal",21,-0.0874202772974968
"ZKU88693","김경협","더불어민주당","liberal",21,-0.404786616563797
"X1K3667J","김교흥","더불어민주당","liberal",21,-0.186884015798569
"X7I4680R","김기현","국민의힘","conservative",21,0.513033270835876
"QHL3248U","김남국","더불어민주당","liberal",21,-0.328402459621429
"CI15627C","김두관","더불어민주당","liberal",21,-0.377519935369492
"NTT8182Q","김민기","더불어민주당","liberal",21,-0.438095033168793
"MLH1404S","김민석","더불어민주당","liberal",21,-0.147705927491188
"8Q88373R","김병기","무소속","independent",21,-0.231208607554436
"GFF1986K","김병욱","더불어민주당","liberal",21,-0.0544419884681702
"1Y73132H","김상훈","국민의힘","conservative",21,0.484579592943192
"UGH6481E","김상희","더불어민주당","liberal",21,-0.35651433467865
"9D939735","김성원","국민의힘","conservative",21,0.521583080291748
"2UD1340H","김성주","더불어민주당","liberal",21,-0.337478578090668
"L7T64271","김수흥","더불어민주당","liberal",21,-0.16904091835022
"P2N4585G","김승남","더불어민주당","liberal",21,-0.109618991613388
"ATB59635","김승원","더불어민주당","liberal",21,-0.162379369139671
"B7D7534L","김영배","더불어민주당","liberal",21,-0.221865937113762
"IOW1101J","김영식","국민의힘","conservative",21,0.634861648082733
"5765663F","김영진","더불어민주당","liberal",21,-0.0717975720763206
"7BM2933Y","김영호","더불어민주당","liberal",21,-0.283631205558777
"CNZ51556","김예지","국민의힘","conservative",21,0.509517192840576
"OFE45081","김용민","더불어민주당","liberal",21,-0.241374596953392
"SVH3899R","김용판","국민의힘","conservative",21,0.552383542060852
"LQW3652K","김웅","국민의힘","conservative",21,0.7655189037323
"4L695580","김원이","더불어민주당","liberal",21,-0.43755829334259
"JZY9937U","김윤덕","더불어민주당","liberal",21,-0.200862318277359
"E1J8836Y","김정재","국민의힘","conservative",21,0.501155436038971
"9LD2641Q","김정호","더불어민주당","liberal",21,-0.236995786428452
"M2Q9024I","김종민","무소속","independent",21,-0.258434176445007
"D6U6678O","김주영","더불어민주당","liberal",21,-0.244605779647827
"1MU99298","김철민","더불어민주당","liberal",21,-0.134539917111397
"1WE5693J","김태년","더불어민주당","liberal",21,-0.121278204023838
"P0F1530P","김태호","국민의힘","conservative",21,0.453984260559082
"JEZ3130Q","김형동","국민의힘","conservative",21,0.516944766044617
"PO64874I","김홍걸","더불어민주당","liberal",21,-0.390554755926132
"M6H1705E","김회재","더불어민주당","liberal",21,-0.0607610568404198
"52P3934K","김희곤","국민의힘","conservative",21,0.415895253419876
"04T3751T","남인순","더불어민주당","liberal",21,-0.273415505886078
"0827740Q","노웅래","더불어민주당","liberal",21,-0.187661990523338
"J2O8643H","도종환","더불어민주당","liberal",21,-0.344566017389297
"8VY63414","류성걸","국민의힘","conservative",21,0.48774728178978
"FJK3396E","맹성규","더불어민주당","liberal",21,-0.109868325293064
"GOC54665","문정복","더불어민주당","liberal",21,-0.272089123725891
"4U29186R","문진석","더불어민주당","liberal",21,-0.212772876024246
"TZ228122","민병덕","더불어민주당","liberal",21,-0.299282342195511
"VRY5522V","민형배","더불어민주당","liberal",21,-0.490952342748642
"O6D8329R","민홍철","더불어민주당","liberal",21,-0.279994428157806
"K3W33496","박광온","더불어민주당","liberal",21,-0.18161503970623
"B7H6207C","박대수","국민의힘","conservative",21,0.560834586620331
"W4X85128","박대출","국민의힘","conservative",21,0.77417665719986
"N4R2421C","박덕흠","국민의힘","conservative",21,0.49088528752327
"7R156073","박범계","더불어민주당","liberal",21,-0.215562611818314
"BLC8630L","박병석","더불어민주당","liberal",21,-0.150516495108604
"HXT76735","박상혁","더불어민주당","liberal",21,-0.178121998906136
"X3170462","박성민","국민의힘","conservative",21,0.543892025947571
"IL74008M","박성준","더불어민주당","liberal",21,-0.0898389220237732
"A3H7195R","박완주","무소속","independent",21,-0.251914203166962
"PEP6922S","박용진","더불어민주당","liberal",21,-0.364748358726501
"QUO78839","박재호","더불어민주당","liberal",21,-0.260963529348373
"4019850M","박정","더불어민주당","liberal",21,-0.239200100302696
"6AU2417B","박주민","더불어민주당","liberal",21,-0.29382586479187
"BT62420K","박찬대","더불어민주당","liberal",21,-0.300037652254105
"S824682L","박홍근","더불어민주당","liberal",21,-0.218932196497917
"QQP4727N","배준영","국민의힘","conservative",21,0.572007417678833
"HSS7466Y","백혜련","더불어민주당","liberal",21,-0.208018809556961
"0PK7354M","서동용","더불어민주당","liberal",21,-0.289444774389267
"L7J93733","서범수","국민의힘","conservative",21,0.443622171878815
"FOK3459D","서삼석","더불어민주당","liberal",21,-0.168974548578262
"TKJ4800F","서영교","더불어민주당","liberal",21,-0.177606776356697
"WFU14784","서정숙","국민의힘","conservative",21,0.675460040569305
"OW53107J","설훈","새로운미래","centrist",21,-0.312765449285507
"17M85910","소병철","더불어민주당","liberal",21,-0.10253432393074
"ZDR63255","소병훈","더불어민주당","liberal",21,-0.365446984767914
"RD42006Y","송갑석","더불어민주당","liberal",21,-0.204540684819221
"SQ36001H","송기헌","더불어민주당","liberal",21,-0.209852054715157
"CNW5754J","송석준","국민의힘","conservative",21,0.47437059879303
"PAO22428","송영길","더불어민주당","liberal",21,-0.235754191875458
"3249208I","송옥주","더불어민주당","liberal",21,-0.312511116266251
"LM13674V","송재호","더불어민주당","liberal",21,-0.122526980936527
"G1570880","신동근","더불어민주당","liberal",21,-0.289011120796204
"SRP7336N","신원식","국민의힘","conservative",21,0.672778308391571
"M7O7878U","신정훈","더불어민주당","liberal",21,-0.275918006896973
"F5Y4026Q","신현영","더불어민주당","liberal",21,-0.207186624407768
"SU53086M","심상정","정의당","progressive",21,-0.772821843624115
"ZA54991S","안민석","더불어민주당","liberal",21,-0.21322213113308
"6MO8786S","안병길","국민의힘","conservative",21,0.67965167760849
"XEF29171","안호영","더불어민주당","liberal",21,-0.123048938810825
"9V18755A","양경숙","더불어민주당","liberal",21,-0.177164345979691
"VG24001G","양금희","국민의힘","conservative",21,0.622799277305603
"KUO3574J","양기대","더불어민주당","liberal",21,-0.0687603652477264
"7O71647Z","양이원영","더불어민주당","liberal",21,-0.466486066579819
"PZA4062H","양정숙","개혁신당","centrist",21,-0.292668163776398
"WHV3448W","양향자","개혁신당","centrist",21,-0.0937533229589462
"8348421R","엄태영","국민의힘","conservative",21,0.550903797149658
"OIA3741M","오기형","더불어민주당","liberal",21,-0.281841784715652
"MY318392","오영환","새로운미래","centrist",21,-0.229554325342178
"GE71932C","용혜인","기본소득당","progressive",21,-0.742816746234894
"V0O5343U","우상호","더불어민주당","liberal",21,-0.173129364848137
"XBT9550Q","우원식","무소속","independent",21,-0.289964228868484
"RQQ3807K","위성곤","더불어민주당","liberal",21,-0.402631849050522
"9L57027L","유경준","국민의힘","conservative",21,0.682319104671478
"8FC9697X","유기홍","더불어민주당","liberal",21,-0.310963988304138
"MU69217P","유상범","국민의힘","conservative",21,0.64424479007721
"MRK4871S","유의동","국민의힘","conservative",21,0.563882231712341
"0WL9321T","유정주","더불어민주당","liberal",21,-0.331642806529999
"GP07421U","윤건영","더불어민주당","liberal",21,-0.298251748085022
"JMY9959W","윤관석","무소속","independent",21,-0.105807110667229
"7JC3239L","윤두현","국민의힘","conservative",21,0.736225962638855
"MSY7784L","윤상현","국민의힘","conservative",21,0.482462853193283
"KFS1358P","윤영덕","더불어민주당","liberal",21,-0.271337240934372
"XWX1513T","윤영찬","더불어민주당","liberal",21,-0.15951432287693
"SE233396","윤재갑","더불어민주당","liberal",21,-0.332539319992065
"ZRF3039U","윤재옥","국민의힘","conservative",21,0.548781096935272
"ZDP5704Q","윤주경","국민의힘","conservative",21,0.661204636096954
"JC14718Q","윤준병","더불어민주당","liberal",21,-0.403068214654922
"M0A1658U","윤호중","더불어민주당","liberal",21,-0.0765890851616859
"I7R13867","이개호","더불어민주당","liberal",21,-0.147499099373817
"RO593601","이동주","더불어민주당","liberal",21,-0.182013869285583
"OSV9142K","이만희","국민의힘","conservative",21,0.53189080953598
"6YT83269","이명수","국민의힘","conservative",21,0.44381320476532
"CFE3998F","이상직","무소속","independent",21,0.150162428617477
"WVU2479T","이상헌","무소속","independent",21,-0.114141225814819
"8KF7223D","이성만","무소속","independent",21,-0.259144753217697
"WTR5885Y","이소영","더불어민주당","liberal",21,-0.385803401470184
"D4L60530","이수진","무소속","independent",21,-0.0731122493743896
"9JF4562W","이용선","더불어민주당","liberal",21,-0.232295319437981
"G7512472","이용우","더불어민주당","liberal",21,-0.399545401334763
"16D7652C","이원욱","개혁신당","centrist",21,-0.251874417066574
"W1Q6753M","이은주","정의당","progressive",21,-0.834189355373383
"7I09543O","이장섭","더불어민주당","liberal",21,-0.120325811207294
"UQ282145","이재정","더불어민주당","liberal",21,-0.440256267786026
"O0I2045I","이정문","더불어민주당","liberal",21,-0.0965277776122093
"HSW1214Q","이종배","국민의힘","conservative",21,0.509509384632111
"3RW63706","이주환","국민의힘","conservative",21,0.476292729377747
"WDS6044S","이채익","국민의힘","conservative",21,0.482833176851273
"TZP9391O","이철규","국민의힘","conservative",21,0.587635576725006
"CCU1009B","이해식","더불어민주당","liberal",21,-0.289762735366821
"EVH1507C","이헌승","국민의힘","conservative",21,0.542264819145203
"IOW8224X","이형석","더불어민주당","liberal",21,-0.257343649864197
"4T026790","임오경","더불어민주당","liberal",21,-0.158368721604347
"EH27538E","임이자","국민의힘","conservative",21,0.501773536205292
"E6U4345C","임종성","더불어민주당","liberal",21,-0.404311627149582
"RPN2293B","장경태","더불어민주당","liberal",21,-0.14281177520752
"CZB4125D","장제원","국민의힘","conservative",21,0.473977655172348
"2NV6751W","장철민","더불어민주당","liberal",21,-0.381877452135086
"GAV6441G","장혜영","정의당","progressive",21,-0.996763527393341
"TJW93720","전용기","더불어민주당","liberal",21,-0.306500256061554
"9YO73104","전재수","더불어민주당","liberal",21,-0.201679885387421
"71J2365L","전주혜","국민의힘","conservative",21,0.606818556785583
"N9X9673B","전혜숙","무소속","independent",21,-0.20469081401825
"USR7059P","정경희","국민의힘","conservative",21,0.733151137828827
"DAY6557K","정동만","국민의힘","conservative",21,0.501929223537445
"V429892C","정성호","더불어민주당","liberal",21,-0.11838760226965
"NZF1659U","정운천","국민의힘","conservative",21,0.424741059541702
"SBK1544B","정찬민","국민의힘","conservative",21,0.517280638217926
"2385336L","정청래","더불어민주당","liberal",21,-0.108766660094261
"MD083627","정춘숙","더불어민주당","liberal",21,-0.238640666007996
"UHB5553T","정태호","더불어민주당","liberal",21,-0.116759575903416
"3425169D","정필모","더불어민주당","liberal",21,-0.414403408765793
"PFG2137X","정희용","국민의힘","conservative",21,0.495059102773666
"5KV82250","조경태","국민의힘","conservative",21,0.559034824371338
"S741317G","조명희","국민의힘","conservative",21,0.597221314907074
"FYI20317","조승래","더불어민주당","liberal",21,-0.273553967475891
"25I8709Q","조오섭","더불어민주당","liberal",21,-0.350155532360077
"IN328264","조정식","더불어민주당","liberal",21,-0.0718770176172256
"T465023H","주철현","더불어민주당","liberal",21,-0.148434147238731
"8SV6917G","주호영","국민의힘","conservative",21,0.654495716094971
"68P7228G","진선미","더불어민주당","liberal",21,-0.111969381570816
"ICH23251","최강욱","더불어민주당","liberal",21,-0.470059931278229
"I5I2468R","최기상","더불어민주당","liberal",21,-0.284351289272308
"M7T9712V","최승재","국민의힘","conservative",21,0.652649939060211
"LPB30152","최인호","더불어민주당","liberal",21,-0.121134772896767
"Z7Y7827F","최종윤","더불어민주당","liberal",21,-0.0852442234754562
"3DK8989T","최춘식","국민의힘","conservative",21,0.519121646881104
"A0P4646G","최형두","국민의힘","conservative",21,0.503265917301178
"QD25323M","최혜영","더불어민주당","liberal",21,-0.384545356035233
"XJC13432","태영호","국민의힘","conservative",21,0.458753526210785
"I0S53762","하태경","국민의힘","conservative",21,0.468398720026016
"JQA21112","한기호","국민의힘","conservative",21,0.755393385887146
"UB114374","한무경","국민의힘","conservative",21,0.699949383735657
"XPP2564T","한정애","더불어민주당","liberal",21,-0.331746280193329
"FU53642G","허영","더불어민주당","liberal",21,-0.290190279483795
"66W6739S","허은아","국민의힘","conservative",21,0.596535384654999
"VCP96419","허종식","더불어민주당","liberal",21,-0.231017291545868
"5MD4184K","홍기원","더불어민주당","liberal",21,-0.143804147839546
"EMC8812P","홍석준","국민의힘","conservative",21,0.621532678604126
"2N793392","홍성국","더불어민주당","liberal",21,-0.0649518817663193
"KR14136C","홍영표","새로운미래","centrist",21,-0.326815515756607
"FRN1867O","홍익표","더불어민주당","liberal",21,-0.375771999359131
"XA42275R","홍정민","더불어민주당","liberal",21,-0.0658130943775177
"NAL4555X","홍준표","국민의힘","conservative",21,0.598056197166443
"0YT3774N","황운하","조국혁신당","rebuilding",21,-0.386096656322479
"5K93695T","김승수","국민의힘","conservative",21,0.640327572822571
"NCP9875N","류호정","정의당","progressive",21,-0.927832245826721
"6U243644","박형수","국민의힘","conservative",21,0.474042803049088
"4X525582","배현진","국민의힘","conservative",21,0.596967279911041
"40E3739H","윤창현","국민의힘","conservative",21,0.486676663160324
"AE685067","이규민","더불어민주당","liberal",21,-0.129359200596809
"0767470D","이낙연","더불어민주당","liberal",21,-0.253676027059555
"ZYH1940A","이상민","국민의힘","conservative",21,-0.314761877059937
"5UN9725L","이용","국민의힘","conservative",21,0.488711774349213
"UM51067K","인재근","더불어민주당","liberal",21,-0.252732157707214
"FH777496","임호선","더불어민주당","liberal",21,-0.358923047780991
"3C23171A","진성준","더불어민주당","liberal",21,-0.457822978496552
"H5476989","한병도","더불어민주당","liberal",21,-0.126744791865349
"BCQ55105","한준호","더불어민주당","liberal",21,-0.3763767182827
"J9S37905","황보승희","자유통일당","independent",21,0.554247617721558
"3BC6890E","김미애","국민의힘","conservative",21,0.628774404525757
"6AR6743G","김희국","국민의힘","conservative",21,0.47323876619339
"8X15119P","윤한홍","국민의힘","conservative",21,0.718322217464447
"Z6R3959C","조해진","국민의힘","conservative",21,0.483831852674484
"FGI27280","하영제","무소속","independent",21,0.547251522541046
"6V37131U","고용진","더불어민주당","liberal",21,-0.045932836830616
"LG63087O","권영세","국민의힘","conservative",21,0.479283452033997
"YKW37422","권은희","국민의힘","conservative",21,0.393481016159058
"LH97552Q","김도읍","국민의힘","conservative",21,0.528881907463074
"KB04377U","김병욱","국민의힘","conservative",21,0.390815615653992
"D0C85236","박완수","국민의힘","conservative",21,0.551139414310455
"MO52543L","변재일","더불어민주당","liberal",21,-0.249834641814232
"CT85313K","서병수","국민의힘","conservative",21,0.550708413124084
"7XY7109I","성일종","국민의힘","conservative",21,0.564073860645294
"IUL4848V","윤희숙","국민의힘","conservative",21,0.628664255142212
"DBA1057Z","이용호","국민의힘","conservative",21,0.390929937362671
"QTW6852F","이태규","국민의힘","conservative",21,0.51185131072998
"LJK4960Z","정점식","국민의힘","conservative",21,0.54169774055481
"YLS4431M","조수진","국민의힘","conservative",21,0.573887765407562
"Y7K5946R","지성호","국민의힘","conservative",21,0.5504190325737
"8VJ8533R","최연숙","국민의힘","conservative",21,0.520322620868683
"GD131760","홍문표","국민의힘","conservative",21,0.414306968450546
"KNM3215T","윤미향","무소속","independent",21,-0.566168010234833
"TVF3669B","김태흠","국민의힘","conservative",21,0.636671304702759
"9VR65006","윤영석","국민의힘","conservative",21,0.534542918205261
"QUM8288K","이달곤","국민의힘","conservative",21,0.555975079536438
"S9U45255","이양수","국민의힘","conservative",21,0.52224212884903
"L5P27909","김은혜","국민의힘","conservative",21,0.670864939689636
"6EN68926","송언석","국민의힘","conservative",21,0.542134821414948
"9S151177","이탄희","더불어민주당","liberal",21,-0.470433712005615
"FIC9046Z","김의겸","더불어민주당","liberal",21,-0.419364541769028
"F5U2979W","김학용","국민의힘","conservative",21,0.516324698925018
"NLR6572J","임병헌","국민의힘","conservative",21,0.389433145523071
"VHK3402G","정우택","국민의힘","conservative",21,0.556240439414978
"6RM29022","최재형","국민의힘","conservative",21,0.594795167446136
"MQU41854","조은희","국민의힘","conservative",21,0.550212979316711
"JVB6983V","노용호","국민의힘","conservative",21,0.509209334850311
"LBC8144B","김영선","국민의힘","conservative",21,0.633033990859985
"KFM1081G","장동혁","국민의힘","conservative",21,0.528230369091034
"NUB4941Z","김한규","더불어민주당","liberal",21,-0.268577396869659
"6RD62559","박정하","국민의힘","conservative",21,0.532222628593445
"DWK26447","이인선","국민의힘","conservative",21,0.521183907985687
"IUD9392R","이재명","더불어민주당","liberal",21,-0.157516568899155
"YTA7297R","최영희","국민의힘","conservative",21,0.42887407541275
"YOG1280B","안철수","국민의힘","conservative",21,0.459423214197159
"6FS10566","강성희","진보당","progressive",21,-0.628212153911591
"NCO99988","허숙정","더불어민주당","liberal",21,-0.340867102146149
"F0I5053J","우신구","국민의힘","conservative",21,0.491539031267166
"86R9476S","김문수","더불어민주당","liberal",22,-0.167747139930725
"8Q88373R","김병기","무소속","independent",22,-0.231208607554436
"XSP20229","김성환","더불어민주당","liberal",22,-0.240959867835045
"88O1334C","김성회","더불어민주당","liberal",22,-0.128415003418922
"ATB59635","김승원","더불어민주당","liberal",22,-0.162379369139671
"8O34202I","김영환","더불어민주당","liberal",22,-0.425735801458359
"DMP1439I","김재원","조국혁신당","rebuilding",22,-0.551149666309357
"8A05621B","김준형","조국혁신당","rebuilding",22,-0.626468896865845
"NUB4941Z","김한규","더불어민주당","liberal",22,-0.268577396869659
"RUZ25800","노종면","더불어민주당","liberal",22,-0.435348451137543
"D9I3309M","문대림","더불어민주당","liberal",22,-0.321574330329895
"7R156073","박범계","더불어민주당","liberal",22,-0.215562611818314
"5TQ6306B","박수현","더불어민주당","liberal",22,-0.312226831912994
"4019850M","박정","더불어민주당","liberal",22,-0.239200100302696
"8BF5855P","박지원","더불어민주당","liberal",22,-0.0340893492102623
"MDC3257K","백승아","더불어민주당","liberal",22,-0.144723936915398
"HSS7466Y","백혜련","더불어민주당","liberal",22,-0.208018809556961
"GJ56729D","복기왕","더불어민주당","liberal",22,-0.353722423315048
"6I88973D","부승찬","더불어민주당","liberal",22,-0.372519671916962
"TKJ4800F","서영교","더불어민주당","liberal",22,-0.177606776356697
"ZDR63255","소병훈","더불어민주당","liberal",22,-0.365446984767914
"JSA8739I","손명수","더불어민주당","liberal",22,-0.287590026855469
"RG972910","송재봉","더불어민주당","liberal",22,-0.269394397735596
"M7O7878U","신정훈","더불어민주당","liberal",22,-0.275918006896973
"YOG1280B","안철수","국민의힘","conservative",22,0.459423214197159
"XEF29171","안호영","더불어민주당","liberal",22,-0.123048938810825
"XBT9550Q","우원식","무소속","independent",22,-0.289964228868484
"M0A1658U","윤호중","더불어민주당","liberal",22,-0.0765890851616859
"I7R13867","이개호","더불어민주당","liberal",22,-0.147499099373817
"95J3282H","이광희","더불어민주당","liberal",22,-0.507692575454712
"W8W95421","이상식","더불어민주당","liberal",22,-0.1285360455513
"N2P9317N","이성윤","더불어민주당","liberal",22,-0.178168579936028
"JG77046J","이언주","더불어민주당","liberal",22,-0.166954457759857
"3LP22204","이재강","더불어민주당","liberal",22,-0.338852643966675
"RKS3658I","이재관","더불어민주당","liberal",22,-0.126484766602516
"QWL7778X","이준석","개혁신당","centrist",22,0.261923432350159
"2NV6751W","장철민","더불어민주당","liberal",22,-0.381877452135086
"9YO73104","전재수","더불어민주당","liberal",22,-0.201679885387421
"P8A4624C","전종덕","진보당","progressive",22,-0.800582945346832
"UHB5553T","정태호","더불어민주당","liberal",22,-0.116759575903416
"BCQ55105","한준호","더불어민주당","liberal",22,-0.3763767182827
"FU53642G","허영","더불어민주당","liberal",22,-0.290190279483795
"5MD4184K","홍기원","더불어민주당","liberal",22,-0.143804147839546
"0YT3774N","황운하","조국혁신당","rebuilding",22,-0.386096656322479
"T6A6557F","황정아","더불어민주당","liberal",22,-0.415372610092163
"8P37634C","강득구","더불어민주당","liberal",22,-0.19245707988739
"MNZ4401T","강선우","무소속","independent",22,-0.3528051674366
"Q129715Y","강유정","더불어민주당","liberal",22,-0.305903822183609
"5KV96424","강준현","더불어민주당","liberal",22,-0.097207561135292
"TRE2429O","강훈식","더불어민주당","liberal",22,-0.274559646844864
"WCD5518S","고민정","더불어민주당","liberal",22,-0.335792422294617
"FIE6569O","곽상언","더불어민주당","liberal",22,-0.412202447652817
"C7E79345","권칠승","더불어민주당","liberal",22,-0.157592609524727
"EFU76868","권향엽","더불어민주당","liberal",22,-0.3895163834095
"X1K3667J","김교흥","더불어민주당","liberal",22,-0.186884015798569
"3CC88975","김기표","더불어민주당","liberal",22,-0.126751706004143
"IUX1829H","김남근","더불어민주당","liberal",22,-0.358615338802338
"NXB3178C","김남희","더불어민주당","liberal",22,-0.222027510404587
"MIS62075","김동아","더불어민주당","liberal",22,-0.440413653850555
"MLH1404S","김민석","더불어민주당","liberal",22,-0.147705927491188
"GF286398","김병주","더불어민주당","liberal",22,-0.120455108582973
"7GW5372Y","김선민","조국혁신당","rebuilding",22,-0.505333542823792
"B7D7534L","김영배","더불어민주당","liberal",22,-0.221865937113762
"5765663F","김영진","더불어민주당","liberal",22,-0.0717975720763206
"7BM2933Y","김영호","더불어민주당","liberal",22,-0.283631205558777
"NB64509Z","김용만","더불어민주당","liberal",22,-0.247369512915611
"OFE45081","김용민","더불어민주당","liberal",22,-0.241374596953392
"3UI95829","김우영","더불어민주당","liberal",22,-0.262628078460693
"4L695580","김원이","더불어민주당","liberal",22,-0.43755829334259
"5N65159P","김윤","더불어민주당","liberal",22,-0.305668503046036
"JZY9937U","김윤덕","더불어민주당","liberal",22,-0.200862318277359
"57B28032","김재섭","국민의힘","conservative",22,0.46064481139183
"9LD2641Q","김정호","더불어민주당","liberal",22,-0.236995786428452
"D6U6678O","김주영","더불어민주당","liberal",22,-0.244605779647827
"YM42715P","김준혁","더불어민주당","liberal",22,-0.237096697092056
"1WE5693J","김태년","더불어민주당","liberal",22,-0.121278204023838
"6WK3815W","김태선","더불어민주당","liberal",22,-0.30530047416687
"7YL9580G","김현","더불어민주당","liberal",22,-0.125358879566193
"6VC83722","김현정","더불어민주당","liberal",22,-0.121434040367603
"04T3751T","남인순","더불어민주당","liberal",22,-0.273415505886078
"FJK3396E","맹성규","더불어민주당","liberal",22,-0.109868325293064
"J1G57517","모경종","더불어민주당","liberal",22,-0.276613801717758
"GRP3908I","문금주","더불어민주당","liberal",22,-0.415968507528305
"GOC54665","문정복","더불어민주당","liberal",22,-0.272089123725891
"4U29186R","문진석","더불어민주당","liberal",22,-0.212772876024246
"TZ228122","민병덕","더불어민주당","liberal",22,-0.299282342195511
"VRY5522V","민형배","더불어민주당","liberal",22,-0.490952342748642
"O6D8329R","민홍철","더불어민주당","liberal",22,-0.279994428157806
"IWR8966I","박균택","더불어민주당","liberal",22,-0.147195115685463
"M4O5221T","박민규","더불어민주당","liberal",22,-0.131081938743591
"HXT76735","박상혁","더불어민주당","liberal",22,-0.178121998906136
"VZA76236","박선원","더불어민주당","liberal",22,-0.377937257289886
"IL74008M","박성준","더불어민주당","liberal",22,-0.0898389220237732
"1JI2689F","박용갑","더불어민주당","liberal",22,-0.130942329764366
"1A82234K","박은정","조국혁신당","rebuilding",22,-0.200086712837219
"HVV5250J","박정현","더불어민주당","liberal",22,-0.408106744289398
"6AU2417B","박주민","더불어민주당","liberal",22,-0.29382586479187
"EMH4976E","박지혜","더불어민주당","liberal",22,-0.392239719629288
"BT62420K","박찬대","더불어민주당","liberal",22,-0.300037652254105
"E2B3753X","박해철","더불어민주당","liberal",22,-0.34589096903801
"S824682L","박홍근","더불어민주당","liberal",22,-0.218932196497917
"ZW43496R","박홍배","더불어민주당","liberal",22,-0.436833798885345
"43Q3892U","박희승","더불어민주당","liberal",22,-0.316711992025375
"51A45980","서미화","더불어민주당","liberal",22,-0.296626299619675
"FOK3459D","서삼석","더불어민주당","liberal",22,-0.168974548578262
"XR24352K","서영석","더불어민주당","liberal",22,-0.155787631869316
"80C5885Z","서왕진","조국혁신당","rebuilding",22,-0.547160148620605
"SQ36001H","송기헌","더불어민주당","liberal",22,-0.209852054715157
"3249208I","송옥주","더불어민주당","liberal",22,-0.312511116266251
"AFH96856","신영대","더불어민주당","liberal",22,-0.253435522317886
"NPD75153","신장식","조국혁신당","rebuilding",22,-0.613109648227692
"TST4507I","안규백","더불어민주당","liberal",22,-0.173318922519684
"EB16073M","안도걸","더불어민주당","liberal",22,-0.125283852219582
"W8L9421K","안태준","더불어민주당","liberal",22,-0.302510350942612
"3OQ8273H","양문석","더불어민주당","liberal",22,-0.423942476511002
"CK143054","양부남","더불어민주당","liberal",22,-0.244460269808769
"8FB1535Y","어기구","더불어민주당","liberal",22,-0.262764990329742
"URX8075K","염태영","더불어민주당","liberal",22,-0.334078997373581
"OIA3741M","오기형","더불어민주당","liberal",22,-0.281841784715652
"BRU2690F","오세희","더불어민주당","liberal",22,-0.316286653280258
"GE71932C","용혜인","기본소득당","progressive",22,-0.742816746234894
"RQQ3807K","위성곤","더불어민주당","liberal",22,-0.402631849050522
"T9E37304","위성락","더불어민주당","liberal",22,-0.142256423830986
"GX38539O","유동수","더불어민주당","liberal",22,-0.139918774366379
"GP07421U","윤건영","더불어민주당","liberal",22,-0.298251748085022
"MQK9493H","윤종군","더불어민주당","liberal",22,-0.288709729909897
"3TP65086","윤종오","진보당","progressive",22,-0.663918077945709
"JC14718Q","윤준병","더불어민주당","liberal",22,-0.403068214654922
"O7R5461J","윤후덕","더불어민주당","liberal",22,-0.254432201385498
"AEO5706C","이강일","더불어민주당","liberal",22,-0.247190877795219
"7YC6702R","이건태","더불어민주당","liberal",22,-0.126554891467094
"W3U3344O","이기헌","더불어민주당","liberal",22,-0.364662528038025
"HFV52269","이병진","더불어민주당","liberal",22,-0.131722584366798
"WTR5885Y","이소영","더불어민주당","liberal",22,-0.385803401470184
"0R68099X","이수진","더불어민주당","liberal",22,-0.442749351263046
"EBH1101V","이연희","더불어민주당","liberal",22,-0.418681681156158
"9JF4562W","이용선","더불어민주당","liberal",22,-0.232295319437981
"6K79158C","이용우","더불어민주당","liberal",22,-0.447421312332153
"DAV7257X","이원택","더불어민주당","liberal",22,-0.184348568320274
"3ZR4438W","이인영","더불어민주당","liberal",22,-0.314034819602966
"IUD9392R","이재명","더불어민주당","liberal",22,-0.157516568899155
"O0I2045I","이정문","더불어민주당","liberal",22,-0.0965277776122093
"5762459L","이정헌","더불어민주당","liberal",22,-0.230877816677094
"WI719547","이주영","개혁신당","centrist",22,0.250181078910828
"V2R7430Z","이춘석","무소속","independent",22,-0.284712791442871
"K5F2023J","이학영","더불어민주당","liberal",22,-0.214856714010239
"0698755I","이해민","조국혁신당","rebuilding",22,-0.504324555397034
"CCU1009B","이해식","더불어민주당","liberal",22,-0.289762735366821
"2S73768V","이훈기","더불어민주당","liberal",22,-0.358491450548172
"CST4991F","임광현","더불어민주당","liberal",22,-0.147020787000656
"4T026790","임오경","더불어민주당","liberal",22,-0.158368721604347
"FH777496","임호선","더불어민주당","liberal",22,-0.358923047780991
"RPN2293B","장경태","더불어민주당","liberal",22,-0.14281177520752
"CIZ8557P","장종태","더불어민주당","liberal",22,-0.118798859417439
"TJW93720","전용기","더불어민주당","liberal",22,-0.306500256061554
"QUR40502","전진숙","더불어민주당","liberal",22,-0.392122238874435
"25G2571T","전현희","더불어민주당","liberal",22,-0.0791171044111252
"ARP89147","정동영","더불어민주당","liberal",22,-0.146304443478584
"V429892C","정성호","더불어민주당","liberal",22,-0.11838760226965
"NA61091D","정을호","더불어민주당","liberal",22,-0.144363656640053
"LT72093S","정일영","더불어민주당","liberal",22,-0.202062800526619
"IC499858","정준호","더불어민주당","liberal",22,-0.12444644421339
"9HE7226N","정진욱","더불어민주당","liberal",22,-0.307023942470551
"2385336L","정청래","더불어민주당","liberal",22,-0.108766660094261
"XG348314","정춘생","조국혁신당","rebuilding",22,-0.515737593173981
"BNV6535N","정혜경","진보당","progressive",22,-0.749491393566132
"8TU8443O","조계원","더불어민주당","liberal",22,-0.325690448284149
"T3E4932G","조국","조국혁신당","rebuilding",22,-0.394311934709549
"FYI20317","조승래","더불어민주당","liberal",22,-0.273553967475891
"ZKB18611","조인철","더불어민주당","liberal",22,-0.140473648905754
"IN328264","조정식","더불어민주당","liberal",22,-0.0718770176172256
"T465023H","주철현","더불어민주당","liberal",22,-0.148434147238731
"68P7228G","진선미","더불어민주당","liberal",22,-0.111969381570816
"3C23171A","진성준","더불어민주당","liberal",22,-0.457822978496552
"KNP22261","차규근","조국혁신당","rebuilding",22,-0.472936123609543
"RC885085","차지호","더불어민주당","liberal",22,-0.4422767162323
"1S05899F","채현일","더불어민주당","liberal",22,-0.145020768046379
"A494529E","천준호","더불어민주당","liberal",22,-0.237146332859993
"YGB8604T","천하람","개혁신당","centrist",22,0.290503919124603
"I5I2468R","최기상","더불어민주당","liberal",22,-0.284351289272308
"YS38221N","최민희","더불어민주당","liberal",22,-0.127772033214569
"URV1689Q","추미애","더불어민주당","liberal",22,-0.291771531105042
"8JG4358H","한민수","더불어민주당","liberal",22,-0.141074001789093
"H5476989","한병도","더불어민주당","liberal",22,-0.126744791865349
"XPP2564T","한정애","더불어민주당","liberal",22,-0.331746280193329
"T4I4862D","한창민","사회민주당","progressive",22,-0.754486083984375
"HHB5652A","허성무","더불어민주당","liberal",22,-0.331133961677551
"VCP96419","허종식","더불어민주당","liberal",22,-0.231017291545868
"RJH6314D","황명선","더불어민주당","liberal",22,-0.306488543748856
"0VU8517U","황희","더불어민주당","liberal",22,-0.113713897764683
"T2T8225E","강경숙","조국혁신당","rebuilding",22,-0.51340115070343
"NQO7187X","강선영","국민의힘","conservative",22,0.622420608997345
"7469929V","구자근","국민의힘","conservative",22,0.504517495632172
"LG63087O","권영세","국민의힘","conservative",22,0.479283452033997
"HE08888N","김기웅","국민의힘","conservative",22,0.48142272233963
"5K93695T","김승수","국민의힘","conservative",22,0.640327572822571
"HRG9655C","김희정","국민의힘","conservative",22,0.619945764541626
"OSV9142K","이만희","국민의힘","conservative",22,0.53189080953598
"PFG2137X","정희용","국민의힘","conservative",22,0.495059102773666
"L2I9861C","강대식","국민의힘","conservative",22,0.618465721607208
"9901388T","강명구","국민의힘","conservative",22,0.443467885255814
"GX22581L","강민국","국민의힘","conservative",22,0.654388546943665
"42K7317Y","강승규","국민의힘","conservative",22,0.540884673595428
"HS39431V","고동진","국민의힘","conservative",22,0.597435116767883
"REG96285","곽규택","국민의힘","conservative",22,0.56013834476471
"LYY5513O","권영진","국민의힘","conservative",22,0.391905128955841
"ANS8383S","김대식","국민의힘","conservative",22,0.500729084014893
"LH97552Q","김도읍","국민의힘","conservative",22,0.528881907463074
"3BC6890E","김미애","국민의힘","conservative",22,0.628774404525757
"TCP9838Y","김민전","국민의힘","conservative",22,0.779859125614166
"VDN5593C","김상욱","더불어민주당","liberal",22,0.0945997983217239
"1Y73132H","김상훈","국민의힘","conservative",22,0.484579592943192
"JNL7001A","김선교","국민의힘","conservative",22,0.603323936462402
"9D939735","김성원","국민의힘","conservative",22,0.521583080291748
"CNZ51556","김예지","국민의힘","conservative",22,0.509517192840576
"EPI69383","김용태","국민의힘","conservative",22,0.497725903987885
"LCZ1711I","김위상","국민의힘","conservative",22,0.440407872200012
"L5P27909","김은혜","국민의힘","conservative",22,0.670864939689636
"E1J8836Y","김정재","국민의힘","conservative",22,0.501155436038971
"N378078V","김종양","국민의힘","conservative",22,0.446354448795319
"JEZ3130Q","김형동","국민의힘","conservative",22,0.516944766044617
"SLW27496","나경원","국민의힘","conservative",22,0.61727786064148
"W4X85128","박대출","국민의힘","conservative",22,0.77417665719986
"N4R2421C","박덕흠","국민의힘","conservative",22,0.49088528752327
"VA04150X","박상웅","국민의힘","conservative",22,0.471394509077072
"X3170462","박성민","국민의힘","conservative",22,0.543892025947571
"NX534083","박성훈","국민의힘","conservative",22,0.718429028987885
"Y0X4618N","박수민","국민의힘","conservative",22,0.590048670768738
"6RD62559","박정하","국민의힘","conservative",22,0.532222628593445
"G6W8250J","박준태","국민의힘","conservative",22,0.552595317363739
"6U243644","박형수","국민의힘","conservative",22,0.474042803049088
"QQP4727N","배준영","국민의힘","conservative",22,0.572007417678833
"4X525582","배현진","국민의힘","conservative",22,0.596967279911041
"CAA7713A","백종헌","국민의힘","conservative",22,0.43975231051445
"QQ429063","서명옥","국민의힘","conservative",22,0.551648318767548
"L7J93733","서범수","국민의힘","conservative",22,0.443622171878815
"MR210505","서일준","국민의힘","conservative",22,0.54389500617981
"P7U7800Z","서지영","국민의힘","conservative",22,0.680210053920746
"JP222486","서천호","국민의힘","conservative",22,0.590422749519348
"PYA8594I","안상훈","국민의힘","conservative",22,0.547668218612671
"JZV5283U","유영하","국민의힘","conservative",22,0.550956845283508
"KBK8836C","유용원","국민의힘","conservative",22,0.499148786067963
"ZRF3039U","윤재옥","국민의힘","conservative",22,0.548781096935272
"ROS6754L","이달희","국민의힘","conservative",22,0.511218428611755
"WXJ8352N","이성권","국민의힘","conservative",22,0.42867448925972
"DWK26447","이인선","국민의힘","conservative",22,0.521183907985687
"HSW1214Q","이종배","국민의힘","conservative",22,0.509509384632111
"NLS46526","이종욱","국민의힘","conservative",22,0.639744162559509
"TZP9391O","이철규","국민의힘","conservative",22,0.587635576725006
"EVH1507C","이헌승","국민의힘","conservative",22,0.542264819145203
"B7789327","인요한","국민의힘","conservative",22,0.485834091901779
"X639721U","임미애","더불어민주당","liberal",22,-0.464693635702133
"EH27538E","임이자","국민의힘","conservative",22,0.501773536205292
"RAJ1024Z","임종득","국민의힘","conservative",22,0.553105175495148
"KFM1081G","장동혁","국민의힘","conservative",22,0.528230369091034
"DAY6557K","정동만","국민의힘","conservative",22,0.501929223537445
"CGW7415Z","정성국","국민의힘","conservative",22,0.53320974111557
"8XE7026P","정연욱","국민의힘","conservative",22,0.530424535274506
"5KV82250","조경태","국민의힘","conservative",22,0.559034824371338
"ME83002L","조승환","국민의힘","conservative",22,0.605747759342194
"MQU41854","조은희","국민의힘","conservative",22,0.550212979316711
"WJL30106","조정훈","국민의힘","conservative",22,0.357676267623901
"3NI5978A","조지연","국민의힘","conservative",22,0.534668505191803
"QDU1100U","진종오","국민의힘","conservative",22,0.547212064266205
"UOS16250","최보윤","국민의힘","conservative",22,0.650951266288757
"A0P4646G","최형두","국민의힘","conservative",22,0.503265917301178
"G152611B","추경호","국민의힘","conservative",22,0.592148661613464
"JQA21112","한기호","국민의힘","conservative",22,0.755393385887146
"Q918403D","한지아","국민의힘","conservative",22,0.445757359266281
"M2Q9024I","김종민","무소속","independent",22,-0.258434176445007
"UQ282145","이재정","더불어민주당","liberal",22,-0.440256267786026
"GDG1847Z","권성동","국민의힘","conservative",22,0.704711198806763
"TQP7167T","김건","국민의힘","conservative",22,0.452195733785629
"X7I4680R","김기현","국민의힘","conservative",22,0.513033270835876
"ZYP7962W","김석기","국민의힘","conservative",22,0.491652727127075
"X7E7893P","김장겸","국민의힘","conservative",22,0.572100877761841
"P0F1530P","김태호","국민의힘","conservative",22,0.453984260559082
"FU87526G","박수영","국민의힘","conservative",22,0.634523153305054
"AEJ19639","박정훈","국민의힘","conservative",22,0.493361711502075
"GP21946O","박충권","국민의힘","conservative",22,0.624810218811035
"7XY7109I","성일종","국민의힘","conservative",22,0.564073860645294
"6EN68926","송언석","국민의힘","conservative",22,0.542134821414948
"OWD1018N","신동욱","국민의힘","conservative",22,0.611405968666077
"RMC1840P","신성범","국민의힘","conservative",22,0.504746735095978
"8348421R","엄태영","국민의힘","conservative",22,0.550903797149658
"8UC4779G","우재준","국민의힘","conservative",22,0.484353601932526
"MU69217P","유상범","국민의힘","conservative",22,0.64424479007721
"8L52480G","이상휘","국민의힘","conservative",22,0.482073158025742
"LJK4960Z","정점식","국민의힘","conservative",22,0.54169774055481
"IWK63872","조배숙","국민의힘","conservative",22,0.390949040651321
"GJK57930","주진우","국민의힘","conservative",22,0.448296338319778
"WJG74792","최수진","국민의힘","conservative",22,0.595897257328033
"UF53617M","최은석","국민의힘","conservative",22,0.734153509140015
"1SR94244","김소희","국민의힘","conservative",22,0.577757775783539
"CNW5754J","송석준","국민의힘","conservative",22,0.47437059879303
"8X15119P","윤한홍","국민의힘","conservative",22,0.718322217464447
"8SV6917G","주호영","국민의힘","conservative",22,0.654495716094971
"9VR65006","윤영석","국민의힘","conservative",22,0.534542918205261
"MSY7784L","윤상현","국민의힘","conservative",22,0.482462853193283
"S9U45255","이양수","국민의힘","conservative",22,0.52224212884903
"YN160848","백선희","조국혁신당","rebuilding",22,-0.543330013751984
"2KM3589W","손솔","진보당","progressive",22,-0.95652973651886
"CC78321E","최혁진","무소속","independent",22,-0.446500331163406
"RBM5454A","이주희","더불어민주당","liberal",22,-0.111302822828293
