"member_id","member_name","party","party_bloc","term","wnom_1d","wnom_2d"
"W168182V","김관영","무소속","independent",20,-0.16515251994133,-0.0490738041698933
"LH97552Q","김도읍","국민의힘","conservative",20,0.488886684179306,0.0778608545660973
"0W194007","김영주","국민의힘","conservative",20,-0.273190557956696,-0.165484771132469
"1MU99298","김철민","더불어민주당","liberal",20,-0.199431762099266,-0.0515216067433357
"1WE5693J","김태년","더불어민주당","liberal",20,-0.251619100570679,0.0759831815958023
"09I2323E","김한정","더불어민주당","liberal",20,-0.293996870517731,0.00295664020814002
"SQ36001H","송기헌","더불어민주당","liberal",20,-0.403562873601913,0.681891083717346
"YOG1280B","안철수","국민의힘","conservative",20,0.0336921215057373,-0.163166284561157
"Q6G2914I","윤종필","미래한국당","conservative",20,0.587202608585358,0.553760945796967
"DKB8522X","정인화","무소속","independent",20,-0.125735342502594,-0.237225249409676
"AFQ26679","주광덕","미래통합당","conservative",20,0.308165371417999,0.3255615234375
"XQ98168F","강길부","무소속","independent",20,0.0459040217101574,0.110413961112499
"60490713","강병원","더불어민주당","liberal",20,-0.222372204065323,0.0641540810465813
"IH436704","강석진","미래통합당","conservative",20,0.285831570625305,0.44447323679924
"9WQ7845Z","강효상","미래통합당","conservative",20,0.766347527503967,0.338798224925995
"TRE2429O","강훈식","더불어민주당","liberal",20,-0.453079134225845,0.331674039363861
"6V37131U","고용진","더불어민주당","liberal",20,-0.157272577285767,0.0274708122014999
"Q6A9034Q","곽대훈","무소속","independent",20,0.676574170589447,-0.736374497413635
"RH454994","권미혁","더불어민주당","liberal",20,-0.479862451553345,0.470194578170776
"C7E79345","권칠승","더불어민주당","liberal",20,-0.268931180238724,0.341933637857437
"B7R2742J","기동민","더불어민주당","liberal",20,-0.255719095468521,0.169996917247772
"ZKU88693","김경협","더불어민주당","liberal",20,-0.559587478637695,0.429144114255905
"OC037566","김규환","미래한국당","conservative",20,0.511062324047089,-0.138810157775879
"DCR84445","김동철","민생당","liberal_minor",20,0.0318118371069431,-0.327885091304779
"NTT8182Q","김민기","더불어민주당","liberal",20,-0.492212116718292,-0.440379470586777
"QB390802","김병관","더불어민주당","liberal",20,-0.383285462856293,0.0016797297867015
"GFF1986K","김병욱","더불어민주당","liberal",20,-0.239610329270363,0.0610304325819016
"DTG4846A","김선동","미래통합당","conservative",20,0.490612417459488,-0.0621315389871597
"RCF90176","김성식","무소속","independent",20,-0.142454698681831,-0.328879952430725
"5K343700","김수민","민생당","liberal_minor",20,0.0223182495683432,0.234766557812691
"8WC7967F","김승희","미래한국당","conservative",20,0.663320660591125,0.0320201031863689
"5765663F","김영진","더불어민주당","liberal",20,-0.191238507628441,0.0220071896910667
"7BM2933Y","김영호","더불어민주당","liberal",20,-0.448378920555115,0.368646830320358
"6RP89579","김정우","더불어민주당","liberal",20,-0.233145162463188,0.0753812864422798
"I0F2578R","김종대","정의당","progressive",20,-0.863533079624176,-0.423268347978592
"HTK5293K","김종회","무소속","independent",20,-0.177923411130905,-0.258530497550964
"A935446Z","김종훈","민중당","independent",20,-0.91837865114212,-0.39570289850235
"SY09851R","김중로","민생당","liberal_minor",20,0.151874825358391,0.205905601382256
"N6C1899K","김진태","미래통합당","conservative",20,0.720260322093964,0.693703889846802
"YBM9779M","김한표","미래통합당","conservative",20,0.311601608991623,0.198034912347794
"CXA6162I","김현아","미래통합당","conservative",20,0.45588219165802,-0.273915588855743
"WV97281W","문진국","미래한국당","conservative",20,0.228112250566483,0.361284852027893
"Y3E8697I","민경욱","미래통합당","conservative",20,0.487427175045013,0.486496239900589
"EUR98126","박맹우","미래한국당","conservative",20,0.34841388463974,0.182570561766624
"YLM92014","박순자","미래통합당","conservative",20,-0.0168350376188755,-0.033189419656992
"A3H7195R","박완주","무소속","independent",20,-0.252228915691376,-0.0392991937696934
"IQ54138I","박인숙","미래통합당","conservative",20,0.47676220536232,-0.425216794013977
"XT18076X","박주선","민생당","liberal_minor",20,-0.252081453800201,0.355131536722183
"UDB4825U","박주현","민생당","liberal_minor",20,-0.555787980556488,-0.248108819127083
"8EL9225R","박준영","민주평화당","independent",20,-0.36901068687439,-0.0159582626074553
"BT62420K","박찬대","더불어민주당","liberal",20,-0.333940923213959,-0.439063251018524
"9CR4440H","배덕광","자유한국당","conservative",20,0.468810170888901,-0.158017724752426
"8DK7238W","백재현","더불어민주당","liberal",20,-0.358486175537109,0.194856494665146
"TKJ4800F","서영교","더불어민주당","liberal",20,-0.288849085569382,0.143356561660767
"7XY7109I","성일종","국민의힘","conservative",20,0.479638248682022,0.669530510902405
"ZDR63255","소병훈","더불어민주당","liberal",20,-0.396101415157318,0.281662195920944
"ZBX31520","손혜원","열린민주당","liberal_minor",20,-0.5337153673172,-0.0883698686957359
"CNW5754J","송석준","국민의힘","conservative",20,0.338822811841965,-0.2612144947052
"FGX4881A","심재철","미래통합당","conservative",20,0.461816400289536,0.00671580014750361
"TST4507I","안규백","더불어민주당","liberal",20,-0.294784665107727,0.122466742992401
"XEF29171","안호영","더불어민주당","liberal",20,-0.185266777873039,0.0498839356005192
"B6F5266B","엄용수","자유한국당","conservative",20,0.492442637681961,0.37008661031723
"6DG91769","원혜영","더불어민주당","liberal",20,-0.226237833499908,-0.144592508673668
"RQQ3807K","위성곤","더불어민주당","liberal",20,-0.496731668710709,0.181909278035164
"GX38539O","유동수","더불어민주당","liberal",20,-0.223613753914833,0.362455666065216
"I7Z3068X","유성엽","민생당","liberal_minor",20,-0.199158683419228,-0.30383837223053
"8X46899U","윤소하","정의당","progressive",20,-0.871887266635895,-0.489706724882126
"U9G5099O","윤영일","민생당","liberal_minor",20,-0.138239905238152,-0.194850221276283
"I7R13867","이개호","더불어민주당","liberal",20,-0.277634382247925,0.178061798214912
"OQO34632","이동섭","민생당","liberal_minor",20,-0.0667383819818497,0.0836242437362671
"X9Y63914","이용주","무소속","independent",20,-0.242625027894974,-0.0745565518736839
"3ZR4438W","이인영","더불어민주당","liberal",20,-0.444072008132935,0.424231141805649
"2SE64657","이장우","미래통합당","conservative",20,0.532267570495605,-0.77653968334198
"UQ282145","이재정","더불어민주당","liberal",20,-0.562840461730957,-0.538927555084229
"7AN97172","이정현","무소속","independent",20,0.198628261685371,0.328894197940826
"2XI97689","이종구","미래통합당","conservative",20,0.498731851577759,0.4017353951931
"11N7618M","이종명","미래한국당","conservative",20,0.397325217723846,-0.174402490258217
"8IN46764","이주영","미래통합당","conservative",20,0.371208280324936,0.0924778655171394
"0ID22746","이진복","미래통합당","conservative",20,0.596253156661987,0.254853904247284
"LSK9789D","이철희","더불어민주당","liberal",20,-0.29217666387558,-0.255104124546051
"K5F2023J","이학영","더불어민주당","liberal",20,-0.368055880069733,0.185256153345108
"EH27538E","임이자","국민의힘","conservative",20,0.281023383140564,0.613334476947784
"V8I36226","장병완","민생당","liberal_minor",20,-0.162798419594765,-0.334274291992188
"9YO73104","전재수","더불어민주당","liberal",20,-0.343500852584839,0.115496702492237
"QZF33498","전희경","미래통합당","conservative",20,0.895599603652954,-0.444860935211182
"0E97245Y","정양석","미래통합당","conservative",20,0.318613469600677,-0.218200013041496
"8KB8281W","제윤경","더불어민주당","liberal",20,-0.406412392854691,0.00627485243603587
"5KV82250","조경태","국민의힘","conservative",20,0.519393563270569,-0.224563226103783
"D397960C","조훈현","미래한국당","conservative",20,0.402339577674866,0.409979850053787
"ZJI5740K","최운열","더불어민주당","liberal",20,-0.258775621652603,0.257173895835876
"EX94352K","표창원","더불어민주당","liberal",20,-0.282749325037003,0.109075874090195
"1KD95875","함진규","미래통합당","conservative",20,0.26279154419899,0.497669845819473
"KR14136C","홍영표","새로운미래","centrist",20,-0.276458263397217,-0.103846743702888
"0VU8517U","황희","더불어민주당","liberal",20,-0.300057083368301,0.161204323172569
"MHK9919B","곽상도","무소속","independent",20,0.869097113609314,0.494641542434692
"YKW37422","권은희","국민의힘","conservative",20,-0.101612724363804,0.640735149383545
"PP08673W","김경수","더불어민주당","liberal",20,-0.242430448532104,0.0520360209047794
"YVN3115U","김경진","무소속","independent",20,-0.23053389787674,-0.241365015506744
"3NM5411H","김광수","무소속","independent",20,-0.518548488616943,-0.39987850189209
"NNP30098","김기선","미래한국당","conservative",20,0.650897800922394,-0.504453361034393
"9EA39580","김명연","미래통합당","conservative",20,0.420007020235062,-0.0648526772856712
"8Q88373R","김병기","무소속","independent",20,-0.345233172178268,-0.327693253755569
"1Y73132H","김상훈","국민의힘","conservative",20,0.421826750040054,0.511754751205444
"GXT11570","김성수","더불어민주당","liberal",20,-0.386518746614456,0.110531158745289
"9D939735","김성원","국민의힘","conservative",20,0.282081544399261,0.0570252537727356
"BQS2021C","김성태","미래통합당","conservative",20,0.185148194432259,0.233908727765083
"7KD2317D","김순례","미래한국당","conservative",20,0.518781661987305,-0.740488171577454
"06X3845L","김종석","미래한국당","conservative",20,0.462850987911224,0.0823037922382355
"6QU2958D","김해영","더불어민주당","liberal",20,-0.170193910598755,-0.0462839864194393
"MPV9321A","김현권","더불어민주당","liberal",20,-0.480117321014404,0.051676195114851
"GN240959","노회찬","정의당","progressive",20,-0.678304076194763,-0.734781444072723
"TGL10010","문미옥","더불어민주당","liberal",20,-0.410591185092926,0.736201465129852
"JMD3241I","박경미","더불어민주당","liberal",20,-0.35276985168457,0.152002617716789
"24E9427D","박남춘","더불어민주당","liberal",20,-0.237465783953667,-0.0431609749794006
"MC32279F","박선숙","민생당","liberal_minor",20,-0.260688364505768,-0.0834359973669052
"QUO78839","박재호","더불어민주당","liberal",20,-0.422876745462418,0.502927005290985
"4019850M","박정","더불어민주당","liberal",20,-0.380614936351776,0.431861072778702
"6AU2417B","박주민","더불어민주당","liberal",20,-0.27748253941536,0.0817456096410751
"8BF5855P","박지원","더불어민주당","liberal",20,-0.122671164572239,-0.19669882953167
"S824682L","박홍근","더불어민주당","liberal",20,-0.441649228334427,0.0522315129637718
"HSS7466Y","백혜련","더불어민주당","liberal",20,-0.310191452503204,-0.386838614940643
"6N28669V","서형수","더불어민주당","liberal",20,-0.419115602970123,0.230687946081161
"PAO22428","송영길","더불어민주당","liberal",20,-0.369006961584091,0.079450361430645
"3249208I","송옥주","더불어민주당","liberal",20,-0.329625397920609,0.0163252279162407
"1PZ8289D","송희경","미래한국당","conservative",20,0.322346061468124,-0.0401714667677879
"G1570880","신동근","더불어민주당","liberal",20,-0.425727665424347,0.080208994448185
"HE838063","신보라","미래통합당","conservative",20,0.437552809715271,0.50326007604599
"ZA54991S","안민석","더불어민주당","liberal",20,-0.20273768901825,-0.013197754509747
"A486635H","안상수","미래통합당","conservative",20,0.553018748760223,0.0640018805861473
"TIS61927","양승조","더불어민주당","liberal",20,-0.146765530109406,-0.182155594229698
"SSF6805Q","염동열","미래한국당","conservative",20,0.341790229082108,0.359960794448853
"M6K7940A","오세정","바른미래당","independent",20,0.0583516769111156,-0.398458331823349
"21N57758","오영훈","더불어민주당","liberal",20,-0.320462316274643,0.102398954331875
"5CO4531H","유은혜","더불어민주당","liberal",20,-0.459333598613739,0.307527601718903
"3TP65086","윤종오","진보당","progressive",20,-0.715468108654022,-0.653030157089233
"8X15119P","윤한홍","국민의힘","conservative",20,0.94859790802002,0.24016909301281
"M0A1658U","윤호중","더불어민주당","liberal",20,-0.220639571547508,-0.0133449425920844
"DBA1057Z","이용호","국민의힘","conservative",20,-0.349616020917892,-0.382792264223099
"16D7652C","이원욱","개혁신당","centrist",20,-0.35269421339035,0.399925857782364
"WDS6044S","이채익","국민의힘","conservative",20,0.35764354467392,0.0505335256457329
"TZP9391O","이철규","국민의힘","conservative",20,0.474736750125885,0.0390386544167995
"QTW6852F","이태규","국민의힘","conservative",20,0.297571629285812,0.105232506990433
"EVH1507C","이헌승","국민의힘","conservative",20,0.500596940517426,0.00703369174152613
"MBS2896E","이현재","무소속","independent",20,0.631580829620361,0.0848764777183533
"UM51067K","인재근","더불어민주당","liberal",20,-0.387031555175781,0.119037814438343
"E6U4345C","임종성","더불어민주당","liberal",20,-0.367964118719101,-0.541145861148834
"0AI7568W","장정숙","민생당","liberal_minor",20,-0.451794505119324,-0.304040044546127
"ARP89147","정동영","더불어민주당","liberal",20,-0.250620603561401,-0.187153056263924
"DCN7433W","정세균","더불어민주당","liberal",20,-0.178524419665337,-0.0787404105067253
"0GF6251P","정유섭","미래통합당","conservative",20,0.446357905864716,0.66724044084549
"FYI20317","조승래","더불어민주당","liberal",20,-0.442970782518387,0.322319895029068
"IN328264","조정식","더불어민주당","liberal",20,-0.198151156306267,0.0421207994222641
"GDN7894V","채이배","민생당","liberal_minor",20,0.271734297275543,-0.962372303009033
"O8E1566L","최도자","민생당","liberal_minor",20,-0.249712646007538,-0.285609722137451
"16I8621J","최연혜","미래통합당","conservative",20,0.635114908218384,-0.536494553089142
"GW55008L","홍의락","더불어민주당","liberal",20,-0.501348733901978,-0.0797602832317352
"C7Z8238W","황영철","자유한국당","conservative",20,0.136272475123405,0.0220169723033905
"23D73143","경대수","미래통합당","conservative",20,0.425696849822998,0.443489223718643
"GDG1847Z","권성동","국민의힘","conservative",20,0.78983461856842,0.43005633354187
"CI15627C","김두관","더불어민주당","liberal",20,-0.455264389514923,-0.258869975805283
"SNJ6318D","김무성","미래통합당","conservative",20,0.735630691051483,0.67738276720047
"ZL32287Z","김삼화","민생당","liberal_minor",20,0.0504592508077621,0.288303166627884
"UGH6481E","김상희","더불어민주당","liberal",20,-0.491442829370499,0.189817026257515
"ZYP7962W","김석기","국민의힘","conservative",20,0.335840106010437,-0.103912651538849
"PLR62452","김영우","미래통합당","conservative",20,0.292557895183563,-0.0489883981645107
"E1J8836Y","김정재","국민의힘","conservative",20,0.422461837530136,0.398507386445999
"Q9H5708M","김진표","무소속","independent",20,-0.187813445925713,-0.15520490705967
"IYD4143Y","문희상","무소속","independent",20,-0.158716291189194,-0.0396061390638351
"O6D8329R","민홍철","더불어민주당","liberal",20,-0.32905501127243,0.209455698728561
"OTE19384","박명재","미래통합당","conservative",20,0.810204744338989,0.404177188873291
"7R156073","박범계","더불어민주당","liberal",20,-0.326115608215332,0.090115025639534
"D0C85236","박완수","국민의힘","conservative",20,0.58014565706253,0.584180951118469
"PEP6922S","박용진","더불어민주당","liberal",20,-0.447745501995087,-0.265616595745087
"OW53107J","설훈","새로운미래","centrist",20,-0.465339750051498,0.0648111179471016
"MTK2954E","신용현","민생당","liberal_minor",20,0.067322701215744,0.281250357627869
"WYC63862","신창현","더불어민주당","liberal",20,-0.290523380041122,0.197919324040413
"VXQ28579","심재권","더불어민주당","liberal",20,-0.273086369037628,-0.0926011651754379
"QKY38290","여상규","미래한국당","conservative",20,0.500872373580933,0.297229915857315
"TZD17894","원유철","미래한국당","conservative",20,0.273738712072372,0.410509586334229
"I5V5327I","유민봉","미래통합당","conservative",20,0.40734338760376,0.528671264648438
"SEK1881Q","유재중","미래통합당","conservative",20,0.75285542011261,0.578951001167297
"JMY9959W","윤관석","무소속","independent",20,-0.257763057947159,0.102943018078804
"OSV9142K","이만희","국민의힘","conservative",20,0.44276225566864,0.137638464570045
"6YT83269","이명수","국민의힘","conservative",20,0.250044763088226,0.0170004907995462
"ZYH1940A","이상민","국민의힘","conservative",20,-0.366243600845337,0.0512434281408787
"8WV8289I","이완영","자유한국당","conservative",20,0.347176909446716,0.305185824632645
"ABT2266H","이용득","더불어민주당","liberal",20,-0.413740694522858,-0.194825351238251
"0582116P","이우현","자유한국당","conservative",20,0.437820583581924,0.0937810689210892
"DVD2735W","이은권","미래통합당","conservative",20,0.729467213153839,0.120525933802128
"WDR7061Y","이종걸","더불어민주당","liberal",20,-0.416638314723969,-0.0879902243614197
"HSW1214Q","이종배","국민의힘","conservative",20,0.44488850235939,0.173321083188057
"BWD92364","이찬열","미래통합당","conservative",20,-0.226841703057289,-0.4301917552948
"V2R7430Z","이춘석","무소속","independent",20,-0.386144608259201,0.105794668197632
"WNN9272X","장석춘","미래한국당","conservative",20,0.469200700521469,-0.131419017910957
"CZB4125D","장제원","국민의힘","conservative",20,0.22738941013813,0.17779603600502
"BM63269Y","전해철","더불어민주당","liberal",20,-0.223400950431824,0.082575373351574
"V429892C","정성호","더불어민주당","liberal",20,-0.204609528183937,-0.0222504027187824
"ZGA4092Y","정용기","미래통합당","conservative",20,0.370760083198547,-0.394159644842148
"IWK63872","조배숙","국민의힘","conservative",20,-0.0592435412108898,-0.213586121797562
"CDL93608","조응천","개혁신당","centrist",20,-0.229559883475304,-0.589102208614349
"5HG31863","지상욱","미래통합당","conservative",20,0.24189493060112,0.17062446475029
"IDV9108J","진영","더불어민주당","liberal",20,-0.257526904344559,0.0124595463275909
"LPB30152","최인호","더불어민주당","liberal",20,-0.185015171766281,-0.0549638718366623
"GD131760","홍문표","국민의힘","conservative",20,0.278932869434357,0.3402439057827
"R365233W","홍철호","미래통합당","conservative",20,0.276387363672256,-0.206231504678726
"JOY4394O","황주홍","민생당","liberal_minor",20,-0.158780828118324,-0.466449737548828
"8I61593E","강석호","미래통합당","conservative",20,0.647408425807953,0.621815860271454
"QZR19240","금태섭","더불어민주당","liberal",20,-0.238277614116669,0.261049211025238
"MGE7194M","김광림","미래통합당","conservative",20,0.643961071968079,-0.0140304667875171
"UIZ3103R","김부겸","더불어민주당","liberal",20,-0.334854632616043,0.107988581061363
"2WQ6656P","김세연","미래통합당","conservative",20,0.214328691363335,-0.315295845270157
"TWL5801D","김영춘","더불어민주당","liberal",20,-0.420909523963928,0.203929141163826
"AMF4093D","김용태","미래통합당","conservative",20,0.796136677265167,-0.276876926422119
"M3Z17237","김재경","미래통합당","conservative",20,0.290430903434753,0.188309952616692
"M2Q9024I","김종민","무소속","independent",20,-0.345680415630341,0.585932433605194
"9XB6464U","김현미","더불어민주당","liberal",20,-0.194269627332687,-0.0362309589982033
"0827740Q","노웅래","더불어민주당","liberal",20,-0.349005609750748,0.13513171672821
"J2O8643H","도종환","더불어민주당","liberal",20,-0.469417452812195,0.0853197053074837
"39P2522W","민병두","무소속","independent",20,-0.407072365283966,0.273723810911179
"K3W33496","박광온","더불어민주당","liberal",20,-0.334389626979828,0.156181544065475
"W4X85128","박대출","국민의힘","conservative",20,0.926253020763397,-0.347894459962845
"N4R2421C","박덕흠","국민의힘","conservative",20,0.406014800071716,0.538179755210876
"BLC8630L","박병석","더불어민주당","liberal",20,-0.196231976151466,-0.0976225808262825
"8T51904N","박찬우","자유한국당","conservative",20,0.518487811088562,0.54387503862381
"O0G3169T","백승주","미래한국당","conservative",20,0.468869507312775,0.625879228115082
"4Y54669I","서청원","우리공화당","independent",20,0.182221040129662,0.174786284565926
"A8O42480","손금주","더불어민주당","liberal",20,-0.11752538383007,-0.173954740166664
"7BV5480O","송기석","국민의당","independent",20,0.00497114099562168,-0.376487284898758
"BN49469V","신경민","더불어민주당","liberal",20,-0.404996603727341,0.0432752147316933
"8FB1535Y","어기구","더불어민주당","liberal",20,-0.275308310985565,0.0684044435620308
"H337332S","오신환","미래통합당","conservative",20,0.226854920387268,0.374958246946335
"SVH30067","오제세","더불어민주당","liberal",20,-0.239071726799011,-0.0303007680922747
"V0O5343U","우상호","더불어민주당","liberal",20,-0.375043272972107,-0.234009981155396
"LDY9563L","윤상직","미래통합당","conservative",20,0.703400194644928,0.163098111748695
"ZRF3039U","윤재옥","국민의힘","conservative",20,0.396811425685883,0.419322997331619
"JWW6081H","이상돈","민생당","liberal_minor",20,-0.126611605286598,-0.67900025844574
"S9U45255","이양수","국민의힘","conservative",20,0.409765839576721,0.123854093253613
"IQN7588X","이은재","무소속","independent",20,0.466348379850388,0.108698181807995
"IUE5875N","이정미","정의당","progressive",20,-0.893274009227753,-0.44951257109642
"NS06841K","이철우","자유한국당","conservative",20,0.234078645706177,0.14959491789341
"BTP28870","이훈","더불어민주당","liberal",20,-0.567756116390228,0.738265097141266
"25G2571T","전현희","더불어민주당","liberal",20,-0.236187845468521,0.0362457521259785
"N9X9673B","전혜숙","무소속","independent",20,-0.311714380979538,-0.0748795941472054
"CYD5815E","정갑윤","미래통합당","conservative",20,0.52832442522049,0.471036374568939
"P303213F","정병국","미래통합당","conservative",20,0.328343212604523,0.197177872061729
"VHK3402G","정우택","국민의힘","conservative",20,0.511342227458954,0.222376152873039
"NZF1659U","정운천","국민의힘","conservative",20,0.216875866055489,-0.00820092391222715
"9S468336","정재호","더불어민주당","liberal",20,-0.400346845388412,-0.171538859605789
"CJX51868","정종섭","미래통합당","conservative",20,0.681643545627594,0.20781709253788
"NQR1206Q","정진석","국민의힘","conservative",20,0.549959242343903,0.248243004083633
"MD083627","정춘숙","더불어민주당","liberal",20,-0.405607402324677,-0.159000411629677
"GCA42857","주승용","민생당","liberal_minor",20,-0.0824320092797279,-0.0292227622121572
"68P7228G","진선미","더불어민주당","liberal",20,-0.252238839864731,-0.013861115090549
"U013741R","최명길","국민의당","independent",20,-0.551003575325012,0.422891646623611
"G152611B","추경호","국민의힘","conservative",20,0.815431475639343,0.578853607177734
"URV1689Q","추미애","더불어민주당","liberal",20,-0.315612107515335,-0.0839794427156448
"XTB3104O","추혜선","정의당","progressive",20,-0.919296503067017,-0.393565684556961
"I0S53762","하태경","국민의힘","conservative",20,0.18240025639534,0.377433061599731
"XPP2564T","한정애","더불어민주당","liberal",20,-0.515787482261658,0.412071287631989
"FRN1867O","홍익표","더불어민주당","liberal",20,-0.445608347654343,0.322078883647919
"MO52543L","변재일","더불어민주당","liberal",20,-0.388336420059204,0.0837401449680328
"71M8132V","신상진","미래통합당","conservative",20,0.553646087646484,-0.117977179586887
"SU53086M","심상정","정의당","progressive",20,-0.905101597309113,-0.425195306539536
"CAL85655","유기준","미래통합당","conservative",20,0.363551259040833,0.516145467758179
"9BE5694R","유승희","더불어민주당","liberal",20,-0.376003861427307,0.16067510843277
"MRK4871S","유의동","국민의힘","conservative",20,0.221716940402985,-0.0835591554641724
"06571503","정태옥","무소속","independent",20,0.53504204750061,0.469559282064438
"VNF2868Z","조원진","우리공화당","independent",20,0.800645530223846,-0.599138259887695
"8SV6917G","주호영","국민의힘","conservative",20,0.8063143491745,0.388069003820419
"TO79481Z","최교일","미래통합당","conservative",20,0.322097271680832,0.182592734694481
"PAB29217","김성찬","미래한국당","conservative",20,0.435221970081329,0.295820534229279
"64G6894C","김정훈","미래한국당","conservative",20,0.237293750047684,-0.0585658736526966
"04T3751T","남인순","더불어민주당","liberal",20,-0.42437019944191,0.33543199300766
"XBT9550Q","우원식","무소속","independent",20,-0.445007801055908,0.105199843645096
"PWU27609","유승민","미래통합당","conservative",20,0.032965499907732,0.0736730471253395
"0135473I","이군현","자유한국당","conservative",20,0.410093188285828,0.342209339141846
"JG77046J","이언주","더불어민주당","liberal",20,-0.0806003287434578,0.539117872714996
"AJV31724","이학재","미래통합당","conservative",20,0.531411826610565,-0.743473827838898
"LCJ77278","이혜훈","미래통합당","conservative",20,0.11849807202816,0.303880900144577
"T2K9554I","홍문종","친박신당","independent",20,0.706708550453186,-0.70750480890274
"06L2365K","홍일표","미래통합당","conservative",20,0.621290266513824,-0.591579616069794
"TOU1222X","강창일","더불어민주당","liberal",20,-0.360880136489868,-0.0481569319963455
"O149331C","권석창","자유한국당","conservative",20,0.328967750072479,-0.552202463150024
"DAN6731C","박성중","국민의힘","conservative",20,0.895780205726624,-0.444497406482697
"F5U2979W","김학용","국민의힘","conservative",20,0.428047776222229,0.124068886041641
"S8431719","박영선","더불어민주당","liberal",20,-0.483397722244263,-0.125848829746246
"9VR65006","윤영석","국민의힘","conservative",20,0.680538058280945,0.732712805271149
"9ZP9014Q","이해찬","더불어민주당","liberal",20,-0.327552258968353,0.0582232140004635
"ZX71333R","한선교","미래한국당","conservative",20,0.667940735816956,0.716464996337891
"KA04352K","최경환","민생당","liberal_minor",20,-0.363755404949188,-0.373110413551331
"MSY7784L","윤상현","국민의힘","conservative",20,0.356307357549667,0.625958561897278
"3SP89633","천정배","민생당","liberal_minor",20,-0.386487454175949,-0.444180846214294
"SLW27496","나경원","국민의힘","conservative",20,0.63099193572998,0.543355762958527
"GMK1374L","이석현","더불어민주당","liberal",20,-0.227003261446953,0.103708550333977
"O7R5461J","윤후덕","더불어민주당","liberal",20,-0.417378067970276,0.376045405864716
"TVF3669B","김태흠","국민의힘","conservative",20,0.511311709880829,-0.169178694486618
"9414335X","심기준","더불어민주당","liberal",20,-0.294154286384583,0.330990761518478
"QZU9232M","김재원","미래통합당","conservative",20,0.70828515291214,0.705926418304443
"R7N74579","이수혁","더불어민주당","liberal",20,-0.2210284024477,0.0538802742958069
"6EN68926","송언석","국민의힘","conservative",20,0.465288043022156,0.885159373283386
"9FL71418","이규희","더불어민주당","liberal",20,-0.270923018455505,0.0666435956954956
"WVU2479T","이상헌","무소속","independent",20,-0.24864886701107,0.0318038836121559
"FOK3459D","서삼석","더불어민주당","liberal",20,-0.274384647607803,0.0384168773889542
"RD42006Y","송갑석","더불어민주당","liberal",20,-0.452509790658951,0.290964245796204
"5DR6334X","윤일규","더불어민주당","liberal",20,-0.421630710363388,0.457132607698441
"7W35098M","윤준호","더불어민주당","liberal",20,-0.280170530080795,0.0460816211998463
"QXD2505Y","이후삼","더불어민주당","liberal",20,-0.323583692312241,0.19123038649559
"VE469451","최재성","더불어민주당","liberal",20,-0.289251536130905,0.0923960506916046
"XSP20229","김성환","더불어민주당","liberal",20,-0.353358447551727,0.300613820552826
"9LD2641Q","김정호","더불어민주당","liberal",20,-0.394406467676163,0.369125604629517
"FJK3396E","맹성규","더불어민주당","liberal",20,-0.269688367843628,-0.227117642760277
"BIR8594P","임재훈","민생당","liberal_minor",20,-0.472526848316193,-0.169668674468994
"B751170H","여영국","정의당","progressive",20,-0.887979745864868,-0.315120071172714
"LJK4960Z","정점식","국민의힘","conservative",20,0.260518968105316,0.675817847251892
"DQL3007B","정은혜","더불어민주당","liberal",20,-0.410509437322617,0.17664760351181
"14M56632","강기윤","국민의힘","conservative",21,0.457766562700272,0.21094599366188
"L2I9861C","강대식","국민의힘","conservative",21,0.628444314002991,0.201261326670647
"C7E79345","권칠승","더불어민주당","liberal",21,-0.344293564558029,-0.122976988554001
"1BX7234U","김경만","더불어민주당","liberal",21,-0.321884721517563,-0.287896662950516
"6399076T","김민철","더불어민주당","liberal",21,-0.31933668255806,-0.229825377464294
"GF286398","김병주","더불어민주당","liberal",21,-0.332886010408401,-0.156176030635834
"ZYP7962W","김석기","국민의힘","conservative",21,0.415518164634705,-0.0115483049303293
"JNL7001A","김선교","국민의힘","conservative",21,0.547404229640961,0.332108855247498
"XSP20229","김성환","더불어민주당","liberal",21,-0.352128922939301,-0.142731457948685
"0W194007","김영주","국민의힘","conservative",21,-0.337206125259399,-0.281300514936447
"LNR7932L","김진애","열린민주당","liberal_minor",21,-0.970587909221649,-0.240746960043907
"Q9H5708M","김진표","무소속","independent",21,-0.33305698633194,-0.218010425567627
"09I2323E","김한정","더불어민주당","liberal",21,-0.375341892242432,-0.110518485307693
"DAN6731C","박성중","국민의힘","conservative",21,0.99319976568222,0.116422757506371
"FU87526G","박수영","국민의힘","conservative",21,0.637296497821808,0.00588940596207976
"40S1959J","박영순","새로운미래","centrist",21,-0.566535651683807,0.0373714454472065
"QKO6165V","박진","국민의힘","conservative",21,0.437278985977173,0.110680401325226
"A2V51235","배진교","정의당","progressive",21,-0.859378099441528,0.511340737342834
"CAA7713A","백종헌","국민의힘","conservative",21,0.308701038360596,0.0866917818784714
"XR24352K","서영석","더불어민주당","liberal",21,-0.355486065149307,-0.159872531890869
"MR210505","서일준","국민의힘","conservative",21,0.484345406293869,0.121257983148098
"AFH96856","신영대","더불어민주당","liberal",21,-0.371883243322372,-0.281672656536102
"TST4507I","안규백","더불어민주당","liberal",21,-0.372825592756271,-0.31670817732811
"8FB1535Y","어기구","더불어민주당","liberal",21,-0.455840051174164,-0.0180666521191597
"21N57758","오영훈","더불어민주당","liberal",21,-0.486578643321991,-0.21921081840992
"GX38539O","유동수","더불어민주당","liberal",21,-0.32837101817131,-0.169588193297386
"O7R5461J","윤후덕","더불어민주당","liberal",21,-0.34818235039711,-0.123685978353024
"4A067125","이광재","더불어민주당","liberal",21,-0.390905439853668,-0.325348347425461
"HKJ99607","이병훈","더불어민주당","liberal",21,-0.367313742637634,-0.26582857966423
"1X376850","이영","국민의힘","conservative",21,0.540850579738617,0.125123709440231
"GKD32201","이용빈","더불어민주당","liberal",21,-0.443725287914276,-0.0567260272800922
"DAV7257X","이원택","더불어민주당","liberal",21,-0.376776814460754,-0.237898454070091
"3ZR4438W","이인영","더불어민주당","liberal",21,-0.463571339845657,-0.205369830131531
"FDC3144T","이종성","국민의힘","conservative",21,0.592255473136902,0.0542540214955807
"K5F2023J","이학영","더불어민주당","liberal",21,-0.362753480672836,-0.111061468720436
"DPZ7685X","전봉민","국민의힘","conservative",21,0.371804773807526,0.056232325732708
"BM63269Y","전해철","더불어민주당","liberal",21,-0.327251881361008,-0.173844918608665
"LT72093S","정일영","더불어민주당","liberal",21,-0.358968704938889,-0.26684033870697
"TP066860","정정순","더불어민주당","liberal",21,-0.458629339933395,-0.263606518507004
"NQR1206Q","정진석","국민의힘","conservative",21,0.271021246910095,0.045786440372467
"CDL93608","조응천","개혁신당","centrist",21,-0.38750222325325,-0.614207148551941
"WJL30106","조정훈","국민의힘","conservative",21,-0.0428635478019714,0.0990151092410088
"I434361W","조태용","국민의힘","conservative",21,0.449365496635437,0.218323960900307
"A494529E","천준호","더불어민주당","liberal",21,-0.391564726829529,-0.17343133687973
"G152611B","추경호","국민의힘","conservative",21,0.516633033752441,0.0926181003451347
"0VU8517U","황희","더불어민주당","liberal",21,-0.334069907665253,-0.219937488436699
"8P37634C","강득구","더불어민주당","liberal",21,-0.418158292770386,-0.0688103809952736
"GX22581L","강민국","국민의힘","conservative",21,0.698005020618439,0.223373845219612
"P2N50879","강민정","더불어민주당","liberal",21,-0.784709870815277,0.123771704733372
"60490713","강병원","더불어민주당","liberal",21,-0.361078500747681,-0.428574085235596
"MNZ4401T","강선우","무소속","independent",21,-0.522923350334167,-0.137892350554466
"WMG57662","강은미","정의당","progressive",21,-0.843051970005035,0.537832200527191
"5KV96424","강준현","더불어민주당","liberal",21,-0.323687195777893,-0.20382072031498
"TRE2429O","강훈식","더불어민주당","liberal",21,-0.381928324699402,-0.281675100326538
"WCD5518S","고민정","더불어민주당","liberal",21,-0.474523723125458,-0.0683536678552628
"4XG1439M","고영인","더불어민주당","liberal",21,-0.325196504592896,-0.211252555251122
"MHK9919B","곽상도","무소속","independent",21,0.733499765396118,0.456025242805481
"7469929V","구자근","국민의힘","conservative",21,0.423643112182617,0.0973828136920929
"E9R4507P","권명호","국민의힘","conservative",21,0.591458976268768,-0.0252250880002975
"GDG1847Z","권성동","국민의힘","conservative",21,0.835657298564911,-0.0775780975818634
"3TO11703","권인숙","더불어민주당","liberal",21,-0.497314751148224,-0.0746477469801903
"B7R2742J","기동민","더불어민주당","liberal",21,-0.365889072418213,-0.190814226865768
"ZKU88693","김경협","더불어민주당","liberal",21,-0.553836345672607,-0.00974247884005308
"X1K3667J","김교흥","더불어민주당","liberal",21,-0.359643638134003,-0.197016432881355
"X7I4680R","김기현","국민의힘","conservative",21,0.381478428840637,0.216353982686996
"QHL3248U","김남국","더불어민주당","liberal",21,-0.490750700235367,-0.0777197480201721
"CI15627C","김두관","더불어민주당","liberal",21,-0.587194561958313,-0.0548775754868984
"NTT8182Q","김민기","더불어민주당","liberal",21,-0.560679018497467,-0.175754502415657
"MLH1404S","김민석","더불어민주당","liberal",21,-0.367808192968369,-0.178102180361748
"8Q88373R","김병기","무소속","independent",21,-0.362356960773468,-0.176331058144569
"GFF1986K","김병욱","더불어민주당","liberal",21,-0.288221746683121,-0.230148822069168
"1Y73132H","김상훈","국민의힘","conservative",21,0.365948110818863,0.127625271677971
"UGH6481E","김상희","더불어민주당","liberal",21,-0.515712440013885,-0.101424835622311
"9D939735","김성원","국민의힘","conservative",21,0.475646913051605,-0.165368437767029
"2UD1340H","김성주","더불어민주당","liberal",21,-0.476544827222824,-0.016046604141593
"L7T64271","김수흥","더불어민주당","liberal",21,-0.337510406970978,-0.146828562021255
"P2N4585G","김승남","더불어민주당","liberal",21,-0.340248823165894,-0.199404656887054
"ATB59635","김승원","더불어민주당","liberal",21,-0.346317857503891,-0.153622210025787
"B7D7534L","김영배","더불어민주당","liberal",21,-0.344927102327347,-0.165158525109291
"IOW1101J","김영식","국민의힘","conservative",21,0.676493167877197,0.140837207436562
"5765663F","김영진","더불어민주당","liberal",21,-0.334559082984924,-0.215909987688065
"7BM2933Y","김영호","더불어민주당","liberal",21,-0.390641063451767,-0.091736912727356
"CNZ51556","김예지","국민의힘","conservative",21,0.50003570318222,0.160368576645851
"OFE45081","김용민","더불어민주당","liberal",21,-0.413474708795547,-0.189937025308609
"SVH3899R","김용판","국민의힘","conservative",21,0.488315135240555,0.0652252435684204
"LQW3652K","김웅","국민의힘","conservative",21,0.972117364406586,0.105853952467442
"4L695580","김원이","더불어민주당","liberal",21,-0.556280493736267,-0.0674618780612946
"JZY9937U","김윤덕","더불어민주당","liberal",21,-0.353979408740997,-0.222305998206139
"E1J8836Y","김정재","국민의힘","conservative",21,0.387471973896027,0.0606457963585854
"9LD2641Q","김정호","더불어민주당","liberal",21,-0.349310040473938,-0.156303435564041
"M2Q9024I","김종민","무소속","independent",21,-0.404837757349014,-0.029064167290926
"D6U6678O","김주영","더불어민주당","liberal",21,-0.386098682880402,-0.135339021682739
"1MU99298","김철민","더불어민주당","liberal",21,-0.385659545660019,-0.440003335475922
"1WE5693J","김태년","더불어민주당","liberal",21,-0.346112102270126,-0.314828097820282
"P0F1530P","김태호","국민의힘","conservative",21,0.385546058416367,0.0446622669696808
"JEZ3130Q","김형동","국민의힘","conservative",21,0.442506074905396,-0.124638244509697
"PO64874I","김홍걸","더불어민주당","liberal",21,-0.549063742160797,-0.0345685742795467
"M6H1705E","김회재","더불어민주당","liberal",21,-0.313848793506622,-0.126014932990074
"52P3934K","김희곤","국민의힘","conservative",21,0.281778693199158,0.0268545486032963
"04T3751T","남인순","더불어민주당","liberal",21,-0.398865461349487,-0.0713825970888138
"0827740Q","노웅래","더불어민주당","liberal",21,-0.357872694730759,-0.178346276283264
"J2O8643H","도종환","더불어민주당","liberal",21,-0.46267569065094,-0.467792689800262
"8VY63414","류성걸","국민의힘","conservative",21,0.359530091285706,0.117752142250538
"FJK3396E","맹성규","더불어민주당","liberal",21,-0.316604524850845,-0.270764976739883
"GOC54665","문정복","더불어민주당","liberal",21,-0.384272128343582,-0.134638071060181
"4U29186R","문진석","더불어민주당","liberal",21,-0.351572215557098,-0.0962895229458809
"TZ228122","민병덕","더불어민주당","liberal",21,-0.427428424358368,-0.206248223781586
"VRY5522V","민형배","더불어민주당","liberal",21,-0.659641981124878,0.017053909599781
"O6D8329R","민홍철","더불어민주당","liberal",21,-0.444975882768631,-0.298754841089249
"K3W33496","박광온","더불어민주당","liberal",21,-0.359015703201294,-0.121714405715466
"B7H6207C","박대수","국민의힘","conservative",21,0.489306062459946,0.312778681516647
"W4X85128","박대출","국민의힘","conservative",21,0.968614161014557,0.248568773269653
"N4R2421C","박덕흠","국민의힘","conservative",21,0.258913278579712,0.190935835242271
"7R156073","박범계","더불어민주당","liberal",21,-0.362833440303802,-0.0503789335489273
"BLC8630L","박병석","더불어민주당","liberal",21,-0.341652661561966,-0.157641187310219
"HXT76735","박상혁","더불어민주당","liberal",21,-0.383272230625153,-0.221266657114029
"X3170462","박성민","국민의힘","conservative",21,0.470760256052017,0.122568614780903
"IL74008M","박성준","더불어민주당","liberal",21,-0.310371398925781,-0.224035277962685
"A3H7195R","박완주","무소속","independent",21,-0.500658214092255,-0.518863201141357
"PEP6922S","박용진","더불어민주당","liberal",21,-0.545969486236572,0.0629660785198212
"QUO78839","박재호","더불어민주당","liberal",21,-0.389699250459671,-0.138665497303009
"4019850M","박정","더불어민주당","liberal",21,-0.341194003820419,-0.272808939218521
"6AU2417B","박주민","더불어민주당","liberal",21,-0.481475710868835,-0.113603480160236
"BT62420K","박찬대","더불어민주당","liberal",21,-0.462691426277161,-0.191702604293823
"S824682L","박홍근","더불어민주당","liberal",21,-0.336547166109085,-0.371500581502914
"QQP4727N","배준영","국민의힘","conservative",21,0.553319334983826,-0.108552001416683
"HSS7466Y","백혜련","더불어민주당","liberal",21,-0.348371714353561,-0.273312836885452
"0PK7354M","서동용","더불어민주당","liberal",21,-0.474070966243744,-0.174150452017784
"L7J93733","서범수","국민의힘","conservative",21,0.328596293926239,0.108409054577351
"FOK3459D","서삼석","더불어민주당","liberal",21,-0.3592309653759,-0.213438361883163
"TKJ4800F","서영교","더불어민주당","liberal",21,-0.346161693334579,-0.153580144047737
"WFU14784","서정숙","국민의힘","conservative",21,0.72462660074234,0.0788710787892342
"OW53107J","설훈","새로운미래","centrist",21,-0.436723917722702,-0.145093202590942
"17M85910","소병철","더불어민주당","liberal",21,-0.324050605297089,-0.222758665680885
"ZDR63255","소병훈","더불어민주당","liberal",21,-0.591589748859406,-0.0256428346037865
"RD42006Y","송갑석","더불어민주당","liberal",21,-0.383845329284668,-0.224564358592033
"SQ36001H","송기헌","더불어민주당","liberal",21,-0.327753156423569,-0.237881183624268
"CNW5754J","송석준","국민의힘","conservative",21,0.311600029468536,0.0741955935955048
"PAO22428","송영길","더불어민주당","liberal",21,-0.406954109668732,-0.411768674850464
"3249208I","송옥주","더불어민주당","liberal",21,-0.484293013811111,-0.217633277177811
"LM13674V","송재호","더불어민주당","liberal",21,-0.343689411878586,-0.159582987427711
"G1570880","신동근","더불어민주당","liberal",21,-0.425819456577301,-0.276758521795273
"SRP7336N","신원식","국민의힘","conservative",21,0.738423883914948,0.163503021001816
"M7O7878U","신정훈","더불어민주당","liberal",21,-0.447670429944992,-0.0605817921459675
"F5Y4026Q","신현영","더불어민주당","liberal",21,-0.366322994232178,-0.15512914955616
"SU53086M","심상정","정의당","progressive",21,-0.855279743671417,0.518166542053223
"ZA54991S","안민석","더불어민주당","liberal",21,-0.389721155166626,-0.144427418708801
"6MO8786S","안병길","국민의힘","conservative",21,0.757888972759247,0.0752878710627556
"XEF29171","안호영","더불어민주당","liberal",21,-0.37824073433876,-0.263969630002975
"9V18755A","양경숙","더불어민주당","liberal",21,-0.37516263127327,-0.191590219736099
"VG24001G","양금희","국민의힘","conservative",21,0.642831444740295,0.0488750003278255
"KUO3574J","양기대","더불어민주당","liberal",21,-0.317111015319824,-0.219561785459518
"7O71647Z","양이원영","더불어민주당","liberal",21,-0.600312411785126,0.0808665826916695
"PZA4062H","양정숙","개혁신당","centrist",21,-0.426832467317581,-0.0340092964470387
"WHV3448W","양향자","개혁신당","centrist",21,-0.320050448179245,-0.221737205982208
"8348421R","엄태영","국민의힘","conservative",21,0.497809737920761,0.121189199388027
"OIA3741M","오기형","더불어민주당","liberal",21,-0.429221391677856,-0.0295269805938005
"MY318392","오영환","새로운미래","centrist",21,-0.383504599332809,-0.0579580925405025
"GE71932C","용혜인","기본소득당","progressive",21,-0.830288171768188,0.375956773757935
"V0O5343U","우상호","더불어민주당","liberal",21,-0.36364933848381,-0.0547620058059692
"XBT9550Q","우원식","무소속","independent",21,-0.423818469047546,-0.00853719562292099
"RQQ3807K","위성곤","더불어민주당","liberal",21,-0.563127517700195,-0.0576384887099266
"9L57027L","유경준","국민의힘","conservative",21,0.733550727367401,-0.0697491317987442
"8FC9697X","유기홍","더불어민주당","liberal",21,-0.474814742803574,-0.105422921478748
"MU69217P","유상범","국민의힘","conservative",21,0.676798760890961,-0.0786911398172379
"MRK4871S","유의동","국민의힘","conservative",21,0.596705079078674,0.243308246135712
"0WL9321T","유정주","더불어민주당","liberal",21,-0.477806448936462,-0.117481626570225
"GP07421U","윤건영","더불어민주당","liberal",21,-0.471612602472305,-0.0374808683991432
"JMY9959W","윤관석","무소속","independent",21,-0.322386056184769,-0.204204082489014
"7JC3239L","윤두현","국민의힘","conservative",21,0.893974840641022,0.445806324481964
"MSY7784L","윤상현","국민의힘","conservative",21,0.23327848315239,0.201738983392715
"KFS1358P","윤영덕","더불어민주당","liberal",21,-0.443327456712723,-0.206918463110924
"XWX1513T","윤영찬","더불어민주당","liberal",21,-0.36421936750412,-0.22030870616436
"SE233396","윤재갑","더불어민주당","liberal",21,-0.478491365909576,-0.13465304672718
"ZRF3039U","윤재옥","국민의힘","conservative",21,0.532121062278748,0.213065087795258
"ZDP5704Q","윤주경","국민의힘","conservative",21,0.709091305732727,-0.106440477073193
"JC14718Q","윤준병","더불어민주당","liberal",21,-0.529771268367767,-0.109428577125072
"M0A1658U","윤호중","더불어민주당","liberal",21,-0.322916269302368,-0.273864388465881
"I7R13867","이개호","더불어민주당","liberal",21,-0.334150642156601,-0.157827645540237
"RO593601","이동주","더불어민주당","liberal",21,-0.3748819231987,-0.105042330920696
"OSV9142K","이만희","국민의힘","conservative",21,0.466697812080383,0.211968392133713
"6YT83269","이명수","국민의힘","conservative",21,0.304908931255341,0.0326943621039391
"CFE3998F","이상직","무소속","independent",21,-0.216150522232056,0.123279519379139
"WVU2479T","이상헌","무소속","independent",21,-0.379971742630005,-0.212904676795006
"8KF7223D","이성만","무소속","independent",21,-0.404178202152252,-0.130986794829369
"WTR5885Y","이소영","더불어민주당","liberal",21,-0.5335573554039,-0.151682049036026
"D4L60530","이수진","무소속","independent",21,-0.33979120850563,-0.217208191752434
"9JF4562W","이용선","더불어민주당","liberal",21,-0.407699763774872,-0.25019234418869
"G7512472","이용우","더불어민주당","liberal",21,-0.515336632728577,0.0556050278246403
"16D7652C","이원욱","개혁신당","centrist",21,-0.350084960460663,-0.0757862478494644
"W1Q6753M","이은주","정의당","progressive",21,-0.831066966056824,0.556172370910645
"7I09543O","이장섭","더불어민주당","liberal",21,-0.34207946062088,-0.203866511583328
"UQ282145","이재정","더불어민주당","liberal",21,-0.516267418861389,-0.0536263547837734
"O0I2045I","이정문","더불어민주당","liberal",21,-0.319029629230499,-0.196305051445961
"HSW1214Q","이종배","국민의힘","conservative",21,0.378529667854309,0.132363483309746
"3RW63706","이주환","국민의힘","conservative",21,0.368986785411835,0.0401976257562637
"WDS6044S","이채익","국민의힘","conservative",21,0.374050050973892,0.0698283985257149
"TZP9391O","이철규","국민의힘","conservative",21,0.58403867483139,0.31862398982048
"CCU1009B","이해식","더불어민주당","liberal",21,-0.440636277198792,-0.152599424123764
"EVH1507C","이헌승","국민의힘","conservative",21,0.463545769453049,0.0759807601571083
"IOW8224X","이형석","더불어민주당","liberal",21,-0.409488528966904,-0.103368602693081
"4T026790","임오경","더불어민주당","liberal",21,-0.331288725137711,-0.203261062502861
"EH27538E","임이자","국민의힘","conservative",21,0.405523538589478,0.255933672189713
"E6U4345C","임종성","더불어민주당","liberal",21,-0.593949377536774,-0.11422897875309
"RPN2293B","장경태","더불어민주당","liberal",21,-0.345090240240097,-0.188117191195488
"CZB4125D","장제원","국민의힘","conservative",21,0.43615534901619,0.206934154033661
"2NV6751W","장철민","더불어민주당","liberal",21,-0.550128161907196,-0.0787338986992836
"GAV6441G","장혜영","정의당","progressive",21,-0.844829320907593,0.535035908222198
"TJW93720","전용기","더불어민주당","liberal",21,-0.403787046670914,-0.238339990377426
"9YO73104","전재수","더불어민주당","liberal",21,-0.343612730503082,-0.162868291139603
"71J2365L","전주혜","국민의힘","conservative",21,0.592466473579407,-0.0777792185544968
"N9X9673B","전혜숙","무소속","independent",21,-0.372169673442841,-0.204776957631111
"USR7059P","정경희","국민의힘","conservative",21,0.903441309928894,0.107433274388313
"DAY6557K","정동만","국민의힘","conservative",21,0.402301162481308,0.0744145810604095
"V429892C","정성호","더불어민주당","liberal",21,-0.313505262136459,-0.224475249648094
"NZF1659U","정운천","국민의힘","conservative",21,0.314216166734695,0.129026904702187
"SBK1544B","정찬민","국민의힘","conservative",21,0.392742305994034,0.00337435770779848
"2385336L","정청래","더불어민주당","liberal",21,-0.313944101333618,-0.158657923340797
"MD083627","정춘숙","더불어민주당","liberal",21,-0.367844760417938,-0.227255150675774
"UHB5553T","정태호","더불어민주당","liberal",21,-0.366284310817719,-0.175538077950478
"3425169D","정필모","더불어민주당","liberal",21,-0.550917029380798,0.0240736454725266
"PFG2137X","정희용","국민의힘","conservative",21,0.392525911331177,0.0955950543284416
"5KV82250","조경태","국민의힘","conservative",21,0.603578925132751,0.438392549753189
"S741317G","조명희","국민의힘","conservative",21,0.57461428642273,0.178355246782303
"FYI20317","조승래","더불어민주당","liberal",21,-0.385986089706421,-0.353300243616104
"25I8709Q","조오섭","더불어민주당","liberal",21,-0.478340417146683,-0.22800686955452
"IN328264","조정식","더불어민주당","liberal",21,-0.323944509029388,-0.266363888978958
"T465023H","주철현","더불어민주당","liberal",21,-0.294270277023315,-0.32155779004097
"8SV6917G","주호영","국민의힘","conservative",21,0.617852509021759,0.2238809466362
"68P7228G","진선미","더불어민주당","liberal",21,-0.367854744195938,-0.245021373033524
"ICH23251","최강욱","더불어민주당","liberal",21,-0.672291398048401,0.00531260529533029
"I5I2468R","최기상","더불어민주당","liberal",21,-0.415816009044647,-0.255719780921936
"M7T9712V","최승재","국민의힘","conservative",21,0.664339184761047,0.485950887203217
"LPB30152","최인호","더불어민주당","liberal",21,-0.359314441680908,-0.30320805311203
"Z7Y7827F","최종윤","더불어민주당","liberal",21,-0.344142347574234,-0.196074709296227
"3DK8989T","최춘식","국민의힘","conservative",21,0.453956723213196,0.0296906232833862
"A0P4646G","최형두","국민의힘","conservative",21,0.39249375462532,-0.023343026638031
"QD25323M","최혜영","더불어민주당","liberal",21,-0.539073050022125,-0.174133017659187
"XJC13432","태영호","국민의힘","conservative",21,0.349983483552933,0.046037383377552
"I0S53762","하태경","국민의힘","conservative",21,0.378469824790955,-0.0614062733948231
"JQA21112","한기호","국민의힘","conservative",21,0.917552828788757,0.124262288212776
"UB114374","한무경","국민의힘","conservative",21,0.815737664699554,0.0070229540579021
"XPP2564T","한정애","더불어민주당","liberal",21,-0.396827667951584,-0.0536901392042637
"FU53642G","허영","더불어민주당","liberal",21,-0.457216531038284,-0.0899392291903496
"66W6739S","허은아","국민의힘","conservative",21,0.562348484992981,0.303667783737183
"VCP96419","허종식","더불어민주당","liberal",21,-0.383945822715759,-0.0262282975018024
"5MD4184K","홍기원","더불어민주당","liberal",21,-0.331740647554398,-0.191500395536423
"EMC8812P","홍석준","국민의힘","conservative",21,0.631309151649475,-0.00834214501082897
"2N793392","홍성국","더불어민주당","liberal",21,-0.314017981290817,-0.208360746502876
"KR14136C","홍영표","새로운미래","centrist",21,-0.489649564027786,-0.140772953629494
"FRN1867O","홍익표","더불어민주당","liberal",21,-0.502359688282013,-0.036844577640295
"XA42275R","홍정민","더불어민주당","liberal",21,-0.327357798814774,-0.328949511051178
"NAL4555X","홍준표","국민의힘","conservative",21,0.558806359767914,0.392237693071365
"0YT3774N","황운하","조국혁신당","rebuilding",21,-0.493037074804306,-0.0459828078746796
"5K93695T","김승수","국민의힘","conservative",21,0.650551974773407,0.169913232326508
"NCP9875N","류호정","정의당","progressive",21,-0.838411808013916,0.545037269592285
"6U243644","박형수","국민의힘","conservative",21,0.366938531398773,0.114803217351437
"4X525582","배현진","국민의힘","conservative",21,0.596266090869904,-0.0865751132369041
"40E3739H","윤창현","국민의힘","conservative",21,0.371899247169495,0.104309432208538
"AE685067","이규민","더불어민주당","liberal",21,-0.43872481584549,-0.33095383644104
"0767470D","이낙연","더불어민주당","liberal",21,-0.694415509700775,-0.271021664142609
"ZYH1940A","이상민","국민의힘","conservative",21,-0.510120511054993,0.0991875380277634
"5UN9725L","이용","국민의힘","conservative",21,0.367036044597626,0.202767595648766
"UM51067K","인재근","더불어민주당","liberal",21,-0.404544711112976,-0.063403844833374
"FH777496","임호선","더불어민주당","liberal",21,-0.455442577600479,-0.183135211467743
"3C23171A","진성준","더불어민주당","liberal",21,-0.591171681880951,0.0583019144833088
"H5476989","한병도","더불어민주당","liberal",21,-0.346681475639343,-0.231079414486885
"BCQ55105","한준호","더불어민주당","liberal",21,-0.500317633152008,-0.167370975017548
"J9S37905","황보승희","자유통일당","independent",21,0.496863722801208,-0.153320327401161
"3BC6890E","김미애","국민의힘","conservative",21,0.725859463214874,-0.139787763357162
"6AR6743G","김희국","국민의힘","conservative",21,0.334142982959747,0.167967170476913
"8X15119P","윤한홍","국민의힘","conservative",21,0.799606919288635,0.503997325897217
"Z6R3959C","조해진","국민의힘","conservative",21,0.365206748247147,0.215684026479721
"FGI27280","하영제","무소속","independent",21,0.450981140136719,0.325141936540604
"6V37131U","고용진","더불어민주당","liberal",21,-0.390716046094894,-0.131518989801407
"LG63087O","권영세","국민의힘","conservative",21,0.260438650846481,-0.00786719191819429
"YKW37422","권은희","국민의힘","conservative",21,0.114016160368919,0.0798365920782089
"LH97552Q","김도읍","국민의힘","conservative",21,0.402477115392685,0.124073356389999
"KB04377U","김병욱","국민의힘","conservative",21,0.18462561070919,0.232500150799751
"D0C85236","박완수","국민의힘","conservative",21,0.400739938020706,0.0512051917612553
"MO52543L","변재일","더불어민주당","liberal",21,-0.34125417470932,-0.40242063999176
"CT85313K","서병수","국민의힘","conservative",21,0.491327702999115,-0.009599301032722
"7XY7109I","성일종","국민의힘","conservative",21,0.475579679012299,0.145443886518478
"IUL4848V","윤희숙","국민의힘","conservative",21,0.650270283222198,0.366804897785187
"DBA1057Z","이용호","국민의힘","conservative",21,0.255804479122162,0.00489428639411926
"QTW6852F","이태규","국민의힘","conservative",21,0.41136422753334,0.376574635505676
"LJK4960Z","정점식","국민의힘","conservative",21,0.525525152683258,0.104216575622559
"YLS4431M","조수진","국민의힘","conservative",21,0.526083409786224,0.0532305687665939
"Y7K5946R","지성호","국민의힘","conservative",21,0.493844211101532,0.258315414190292
"8VJ8533R","최연숙","국민의힘","conservative",21,0.452373564243317,-0.103931568562984
"GD131760","홍문표","국민의힘","conservative",21,0.228967294096947,0.135415136814117
"KNM3215T","윤미향","무소속","independent",21,-0.788084089756012,-0.0671450793743134
"TVF3669B","김태흠","국민의힘","conservative",21,0.822566866874695,0.118678949773312
"9VR65006","윤영석","국민의힘","conservative",21,0.303129345178604,0.0356250442564487
"QUM8288K","이달곤","국민의힘","conservative",21,0.463195830583572,0.0635017603635788
"S9U45255","이양수","국민의힘","conservative",21,0.402890741825104,0.0939681604504585
"L5P27909","김은혜","국민의힘","conservative",21,0.775601029396057,0.446836888790131
"6EN68926","송언석","국민의힘","conservative",21,0.618657171726227,0.122813500463963
"9S151177","이탄희","더불어민주당","liberal",21,-0.640167891979218,0.0615634433925152
"FIC9046Z","김의겸","더불어민주당","liberal",21,-0.566465735435486,0.0193867404013872
"F5U2979W","김학용","국민의힘","conservative",21,0.363830089569092,0.0586907155811787
"NLR6572J","임병헌","국민의힘","conservative",21,0.247050151228905,0.0856644362211227
"VHK3402G","정우택","국민의힘","conservative",21,0.4530009329319,0.214051872491837
"6RM29022","최재형","국민의힘","conservative",21,0.611038863658905,-0.039579477161169
"MQU41854","조은희","국민의힘","conservative",21,0.46852320432663,0.0128448940813541
"JVB6983V","노용호","국민의힘","conservative",21,0.487599402666092,0.0854279696941376
"LBC8144B","김영선","국민의힘","conservative",21,0.453793585300446,0.424384862184525
"KFM1081G","장동혁","국민의힘","conservative",21,0.496705949306488,0.0361979715526104
"NUB4941Z","김한규","더불어민주당","liberal",21,-0.418187081813812,0.0361381694674492
"6RD62559","박정하","국민의힘","conservative",21,0.428997129201889,0.0922511965036392
"DWK26447","이인선","국민의힘","conservative",21,0.598159313201904,0.295858561992645
"IUD9392R","이재명","더불어민주당","liberal",21,-0.339783638715744,-0.153861731290817
"YTA7297R","최영희","국민의힘","conservative",21,0.336506426334381,0.111479140818119
"YOG1280B","안철수","국민의힘","conservative",21,0.317496180534363,0.35558956861496
"6FS10566","강성희","진보당","progressive",21,-0.793662548065186,0.325582444667816
"NCO99988","허숙정","더불어민주당","liberal",21,-0.523369133472443,-0.718869864940643
"F0I5053J","우신구","국민의힘","conservative",21,1,0
"86R9476S","김문수","더불어민주당","liberal",22,-0.500373363494873,-0.0954418107867241
"8Q88373R","김병기","무소속","independent",22,-0.479126662015915,0.135219097137451
"XSP20229","김성환","더불어민주당","liberal",22,-0.603556394577026,0.337257981300354
"88O1334C","김성회","더불어민주당","liberal",22,-0.495407938957214,0.118791110813618
"ATB59635","김승원","더불어민주당","liberal",22,-0.491785496473312,-0.178435951471329
"8O34202I","김영환","더불어민주당","liberal",22,-0.549121677875519,-0.401810884475708
"DMP1439I","김재원","조국혁신당","rebuilding",22,-0.683418095111847,0.219701662659645
"8A05621B","김준형","조국혁신당","rebuilding",22,-0.766489386558533,0.562157094478607
"NUB4941Z","김한규","더불어민주당","liberal",22,-0.49720424413681,0.102530710399151
"RUZ25800","노종면","더불어민주당","liberal",22,-0.585093080997467,-0.45454478263855
"D9I3309M","문대림","더불어민주당","liberal",22,-0.523343324661255,-0.135835036635399
"7R156073","박범계","더불어민주당","liberal",22,-0.532305181026459,-0.0573763996362686
"5TQ6306B","박수현","더불어민주당","liberal",22,-0.534159719944,0.433528125286102
"4019850M","박정","더불어민주당","liberal",22,-0.480942159891129,0.0560693554580212
"8BF5855P","박지원","더불어민주당","liberal",22,-0.495724409818649,0.108471974730492
"MDC3257K","백승아","더불어민주당","liberal",22,-0.494740903377533,0.00936292391270399
"HSS7466Y","백혜련","더불어민주당","liberal",22,-0.508489012718201,-0.0353555493056774
"GJ56729D","복기왕","더불어민주당","liberal",22,-0.5349942445755,-0.10447433590889
"6I88973D","부승찬","더불어민주당","liberal",22,-0.545684158802032,-0.179646894335747
"TKJ4800F","서영교","더불어민주당","liberal",22,-0.496849060058594,-0.139690697193146
"ZDR63255","소병훈","더불어민주당","liberal",22,-0.523097157478333,-0.170221224427223
"JSA8739I","손명수","더불어민주당","liberal",22,-0.513413608074188,0.00325558660551906
"RG972910","송재봉","더불어민주당","liberal",22,-0.522010803222656,-0.197491675615311
"M7O7878U","신정훈","더불어민주당","liberal",22,-0.480937510728836,0.172095939517021
"YOG1280B","안철수","국민의힘","conservative",22,0.621022999286652,0.462685853242874
"XEF29171","안호영","더불어민주당","liberal",22,-0.519979178905487,0.005648422986269
"XBT9550Q","우원식","무소속","independent",22,-0.492100864648819,0.118542455136776
"M0A1658U","윤호중","더불어민주당","liberal",22,-0.491412431001663,-0.00132607982959598
"I7R13867","이개호","더불어민주당","liberal",22,-0.479731857776642,-0.0355749428272247
"95J3282H","이광희","더불어민주당","liberal",22,-0.627023100852966,-0.356686621904373
"W8W95421","이상식","더불어민주당","liberal",22,-0.48536691069603,0.144669532775879
"N2P9317N","이성윤","더불어민주당","liberal",22,-0.506308734416962,-0.173078671097755
"JG77046J","이언주","더불어민주당","liberal",22,-0.487324446439743,-0.0393076352775097
"3LP22204","이재강","더불어민주당","liberal",22,-0.521392345428467,0.223842114210129
"RKS3658I","이재관","더불어민주당","liberal",22,-0.486582368612289,0.110282763838768
"QWL7778X","이준석","개혁신당","centrist",22,0.183428823947906,0.983033061027527
"2NV6751W","장철민","더불어민주당","liberal",22,-0.51659768819809,-0.0796338021755219
"9YO73104","전재수","더불어민주당","liberal",22,-0.538096904754639,0.356645077466965
"P8A4624C","전종덕","진보당","progressive",22,-0.898449063301086,0.439077824354172
"UHB5553T","정태호","더불어민주당","liberal",22,-0.483988970518112,0.130239084362984
"BCQ55105","한준호","더불어민주당","liberal",22,-0.560087263584137,-0.537371933460236
"FU53642G","허영","더불어민주당","liberal",22,-0.494434982538223,0.0886481627821922
"5MD4184K","홍기원","더불어민주당","liberal",22,-0.49548152089119,0.193817168474197
"0YT3774N","황운하","조국혁신당","rebuilding",22,-0.600789248943329,0.621264159679413
"T6A6557F","황정아","더불어민주당","liberal",22,-0.568231046199799,-0.258320271968842
"8P37634C","강득구","더불어민주당","liberal",22,-0.48675337433815,0.0440523438155651
"MNZ4401T","강선우","무소속","independent",22,-0.516951620578766,-0.168600842356682
"Q129715Y","강유정","더불어민주당","liberal",22,-0.549390017986298,0.298951476812363
"5KV96424","강준현","더불어민주당","liberal",22,-0.488144427537918,0.0850636586546898
"TRE2429O","강훈식","더불어민주당","liberal",22,-0.496251583099365,0.360085964202881
"WCD5518S","고민정","더불어민주당","liberal",22,-0.502473711967468,-0.250946402549744
"FIE6569O","곽상언","더불어민주당","liberal",22,-0.558370471000671,0.0766499787569046
"C7E79345","권칠승","더불어민주당","liberal",22,-0.491401970386505,0.283067941665649
"EFU76868","권향엽","더불어민주당","liberal",22,-0.571041226387024,-0.401650756597519
"X1K3667J","김교흥","더불어민주당","liberal",22,-0.511170208454132,0.0209980476647615
"3CC88975","김기표","더불어민주당","liberal",22,-0.485890120267868,0.119059473276138
"IUX1829H","김남근","더불어민주당","liberal",22,-0.554421663284302,-0.0205969363451004
"NXB3178C","김남희","더불어민주당","liberal",22,-0.500653624534607,0.377191036939621
"MIS62075","김동아","더불어민주당","liberal",22,-0.597972452640533,-0.3205985724926
"MLH1404S","김민석","더불어민주당","liberal",22,-0.49868443608284,-0.0241676568984985
"GF286398","김병주","더불어민주당","liberal",22,-0.48300638794899,-0.00124555453658104
"7GW5372Y","김선민","조국혁신당","rebuilding",22,-0.62742692232132,0.062514916062355
"B7D7534L","김영배","더불어민주당","liberal",22,-0.523535490036011,0.437495470046997
"5765663F","김영진","더불어민주당","liberal",22,-0.492233842611313,0.00715688290074468
"7BM2933Y","김영호","더불어민주당","liberal",22,-0.492228031158447,-0.0259486716240644
"NB64509Z","김용만","더불어민주당","liberal",22,-0.499307096004486,-0.0399463698267937
"OFE45081","김용민","더불어민주당","liberal",22,-0.497074663639069,-0.0963854715228081
"3UI95829","김우영","더불어민주당","liberal",22,-0.530148148536682,-0.13546334207058
"4L695580","김원이","더불어민주당","liberal",22,-0.649314284324646,-0.269557029008865
"5N65159P","김윤","더불어민주당","liberal",22,-0.507260382175446,-0.145359560847282
"JZY9937U","김윤덕","더불어민주당","liberal",22,-0.514867961406708,-0.161145627498627
"57B28032","김재섭","국민의힘","conservative",22,0.622947573661804,0.513453185558319
"9LD2641Q","김정호","더불어민주당","liberal",22,-0.534093379974365,-0.301197171211243
"D6U6678O","김주영","더불어민주당","liberal",22,-0.492479830980301,0.0699974149465561
"YM42715P","김준혁","더불어민주당","liberal",22,-0.496120393276215,-0.0710886642336845
"1WE5693J","김태년","더불어민주당","liberal",22,-0.485085248947144,0.119620651006699
"6WK3815W","김태선","더불어민주당","liberal",22,-0.529277861118317,0.0160427521914244
"7YL9580G","김현","더불어민주당","liberal",22,-0.487636387348175,0.109832227230072
"6VC83722","김현정","더불어민주당","liberal",22,-0.475752294063568,0.118047453463078
"04T3751T","남인순","더불어민주당","liberal",22,-0.530349016189575,0.293101757764816
"FJK3396E","맹성규","더불어민주당","liberal",22,-0.485733479261398,0.213321045041084
"J1G57517","모경종","더불어민주당","liberal",22,-0.501933693885803,0.0578453950583935
"GRP3908I","문금주","더불어민주당","liberal",22,-0.563606441020966,-0.317721873521805
"GOC54665","문정복","더불어민주당","liberal",22,-0.495683044195175,-0.30066329240799
"4U29186R","문진석","더불어민주당","liberal",22,-0.498559027910233,0.181907698512077
"TZ228122","민병덕","더불어민주당","liberal",22,-0.520328998565674,-0.0942511335015297
"VRY5522V","민형배","더불어민주당","liberal",22,-0.635284185409546,-0.126914963126183
"O6D8329R","민홍철","더불어민주당","liberal",22,-0.49161371588707,0.124325700104237
"IWR8966I","박균택","더불어민주당","liberal",22,-0.486006200313568,-0.0173914711922407
"M4O5221T","박민규","더불어민주당","liberal",22,-0.486354142427444,0.110645800828934
"HXT76735","박상혁","더불어민주당","liberal",22,-0.480033069849014,0.118059895932674
"VZA76236","박선원","더불어민주당","liberal",22,-0.533627450466156,-0.395574688911438
"IL74008M","박성준","더불어민주당","liberal",22,-0.488158822059631,0.0804734453558922
"1JI2689F","박용갑","더불어민주당","liberal",22,-0.483769983053207,0.113088622689247
"1A82234K","박은정","조국혁신당","rebuilding",22,-0.516613245010376,0.43902975320816
"HVV5250J","박정현","더불어민주당","liberal",22,-0.564367890357971,-0.24769002199173
"6AU2417B","박주민","더불어민주당","liberal",22,-0.495915770530701,0.0408752784132957
"EMH4976E","박지혜","더불어민주당","liberal",22,-0.569357454776764,-0.350031077861786
"BT62420K","박찬대","더불어민주당","liberal",22,-0.512593388557434,-0.10241886228323
"E2B3753X","박해철","더불어민주당","liberal",22,-0.529477536678314,-0.164000064134598
"S824682L","박홍근","더불어민주당","liberal",22,-0.491765111684799,0.11431746929884
"ZW43496R","박홍배","더불어민주당","liberal",22,-0.596009135246277,-0.102664284408092
"43Q3892U","박희승","더불어민주당","liberal",22,-0.516513407230377,-0.0563609823584557
"51A45980","서미화","더불어민주당","liberal",22,-0.520222961902618,-0.177347972989082
"FOK3459D","서삼석","더불어민주당","liberal",22,-0.512230336666107,0.130505129694939
"XR24352K","서영석","더불어민주당","liberal",22,-0.503002762794495,-0.0427380241453648
"80C5885Z","서왕진","조국혁신당","rebuilding",22,-0.675439655780792,0.248816713690758
"SQ36001H","송기헌","더불어민주당","liberal",22,-0.489146947860718,0.111086562275887
"3249208I","송옥주","더불어민주당","liberal",22,-0.561175882816315,-0.3187615275383
"AFH96856","신영대","더불어민주당","liberal",22,-0.542375504970551,-0.385638356208801
"NPD75153","신장식","조국혁신당","rebuilding",22,-0.736328363418579,0.321385622024536
"TST4507I","안규백","더불어민주당","liberal",22,-0.501777231693268,0.0348136983811855
"EB16073M","안도걸","더불어민주당","liberal",22,-0.48749366402626,0.118501499295235
"W8L9421K","안태준","더불어민주당","liberal",22,-0.523436486721039,0.0600712560117245
"3OQ8273H","양문석","더불어민주당","liberal",22,-0.619185268878937,-0.225785747170448
"CK143054","양부남","더불어민주당","liberal",22,-0.512484908103943,0.080219142138958
"8FB1535Y","어기구","더불어민주당","liberal",22,-0.510442972183228,0.175100579857826
"URX8075K","염태영","더불어민주당","liberal",22,-0.528548419475555,-0.208277270197868
"OIA3741M","오기형","더불어민주당","liberal",22,-0.487906783819199,0.126078322529793
"BRU2690F","오세희","더불어민주당","liberal",22,-0.528592705726624,-0.28789234161377
"GE71932C","용혜인","기본소득당","progressive",22,-0.975850641727448,-0.0638195499777794
"RQQ3807K","위성곤","더불어민주당","liberal",22,-0.58555942773819,-0.0878110453486443
"T9E37304","위성락","더불어민주당","liberal",22,-0.495064944028854,0.0775348022580147
"GX38539O","유동수","더불어민주당","liberal",22,-0.547055125236511,-0.150726139545441
"GP07421U","윤건영","더불어민주당","liberal",22,-0.4986532330513,0.13146236538887
"MQK9493H","윤종군","더불어민주당","liberal",22,-0.514624297618866,0.0664638578891754
"3TP65086","윤종오","진보당","progressive",22,-0.96702641248703,0.132620543241501
"JC14718Q","윤준병","더불어민주당","liberal",22,-0.58357709646225,-0.384683161973953
"O7R5461J","윤후덕","더불어민주당","liberal",22,-0.535083055496216,0.451597273349762
"AEO5706C","이강일","더불어민주당","liberal",22,-0.508870661258698,-0.0348597094416618
"7YC6702R","이건태","더불어민주당","liberal",22,-0.488080561161041,0.119173161685467
"W3U3344O","이기헌","더불어민주당","liberal",22,-0.563070595264435,0.0493633486330509
"HFV52269","이병진","더불어민주당","liberal",22,-0.4900743663311,0.0101264622062445
"WTR5885Y","이소영","더불어민주당","liberal",22,-0.546098291873932,-0.277394533157349
"0R68099X","이수진","더불어민주당","liberal",22,-0.596474707126617,-0.0321728512644768
"EBH1101V","이연희","더불어민주당","liberal",22,-0.558866381645203,-0.33395579457283
"9JF4562W","이용선","더불어민주당","liberal",22,-0.502665400505066,0.0520029813051224
"6K79158C","이용우","더불어민주당","liberal",22,-0.602028965950012,-0.147466734051704
"DAV7257X","이원택","더불어민주당","liberal",22,-0.496903300285339,0.0167290065437555
"3ZR4438W","이인영","더불어민주당","liberal",22,-0.509203016757965,0.184041231870651
"IUD9392R","이재명","더불어민주당","liberal",22,-0.511564791202545,-0.0955121368169785
"O0I2045I","이정문","더불어민주당","liberal",22,-0.489912390708923,0.103809028863907
"5762459L","이정헌","더불어민주당","liberal",22,-0.495448470115662,-0.145584464073181
"WI719547","이주영","개혁신당","centrist",22,0.184783667325974,0.9793461561203
"V2R7430Z","이춘석","무소속","independent",22,-0.538666486740112,-0.192411631345749
"K5F2023J","이학영","더불어민주당","liberal",22,-0.480690717697144,-0.0304851662367582
"0698755I","이해민","조국혁신당","rebuilding",22,-0.653676867485046,0.359924137592316
"CCU1009B","이해식","더불어민주당","liberal",22,-0.509932458400726,-0.0272780563682318
"2S73768V","이훈기","더불어민주당","liberal",22,-0.539242088794708,-0.130962252616882
"CST4991F","임광현","더불어민주당","liberal",22,-0.505555748939514,-0.112219586968422
"4T026790","임오경","더불어민주당","liberal",22,-0.514815747737885,0.298681318759918
"FH777496","임호선","더불어민주당","liberal",22,-0.594390213489532,-0.264715671539307
"RPN2293B","장경태","더불어민주당","liberal",22,-0.504182159900665,-0.240976512432098
"CIZ8557P","장종태","더불어민주당","liberal",22,-0.507946670055389,0.0103847710415721
"TJW93720","전용기","더불어민주당","liberal",22,-0.558744728565216,-0.157929912209511
"QUR40502","전진숙","더불어민주당","liberal",22,-0.544884383678436,-0.417225301265717
"25G2571T","전현희","더불어민주당","liberal",22,-0.480910748243332,0.0605230703949928
"ARP89147","정동영","더불어민주당","liberal",22,-0.534470677375793,0.0840254053473473
"V429892C","정성호","더불어민주당","liberal",22,-0.486536383628845,0.159869939088821
"NA61091D","정을호","더불어민주당","liberal",22,-0.490138411521912,-0.0299350954592228
"LT72093S","정일영","더불어민주당","liberal",22,-0.494098216295242,0.0650261864066124
"IC499858","정준호","더불어민주당","liberal",22,-0.492029756307602,0.105619855225086
"9HE7226N","정진욱","더불어민주당","liberal",22,-0.516545593738556,-0.277419239282608
"2385336L","정청래","더불어민주당","liberal",22,-0.494980216026306,0.101525194942951
"XG348314","정춘생","조국혁신당","rebuilding",22,-0.641492784023285,0.494419366121292
"BNV6535N","정혜경","진보당","progressive",22,-0.964745342731476,0.210899591445923
"8TU8443O","조계원","더불어민주당","liberal",22,-0.542917609214783,-0.0558277070522308
"T3E4932G","조국","조국혁신당","rebuilding",22,-0.578085601329803,0.815976202487946
"FYI20317","조승래","더불어민주당","liberal",22,-0.506604552268982,-0.0284613482654095
"ZKB18611","조인철","더불어민주당","liberal",22,-0.499740421772003,0.132116913795471
"IN328264","조정식","더불어민주당","liberal",22,-0.48189389705658,0.134742960333824
"T465023H","주철현","더불어민주당","liberal",22,-0.480533987283707,0.11359965056181
"68P7228G","진선미","더불어민주당","liberal",22,-0.492713898420334,0.0127318454906344
"3C23171A","진성준","더불어민주당","liberal",22,-0.635932326316833,0.534480452537537
"KNP22261","차규근","조국혁신당","rebuilding",22,-0.611381649971008,0.426670998334885
"RC885085","차지호","더불어민주당","liberal",22,-0.571018874645233,0.654362440109253
"1S05899F","채현일","더불어민주당","liberal",22,-0.484322100877762,-0.0483684875071049
"A494529E","천준호","더불어민주당","liberal",22,-0.503973245620728,0.0981823429465294
"YGB8604T","천하람","개혁신당","centrist",22,0.207512557506561,0.978232383728027
"I5I2468R","최기상","더불어민주당","liberal",22,-0.524381756782532,-0.0688701793551445
"YS38221N","최민희","더불어민주당","liberal",22,-0.488427549600601,0.102113470435143
"URV1689Q","추미애","더불어민주당","liberal",22,-0.546673834323883,-0.161414429545403
"8JG4358H","한민수","더불어민주당","liberal",22,-0.487154185771942,-0.0115608014166355
"H5476989","한병도","더불어민주당","liberal",22,-0.495885759592056,0.184062659740448
"XPP2564T","한정애","더불어민주당","liberal",22,-0.536863684654236,0.353674441576004
"T4I4862D","한창민","사회민주당","progressive",22,-0.869305968284607,0.494274228811264
"HHB5652A","허성무","더불어민주당","liberal",22,-0.528520584106445,-0.186022564768791
"VCP96419","허종식","더불어민주당","liberal",22,-0.488261073827744,-0.233381360769272
"RJH6314D","황명선","더불어민주당","liberal",22,-0.507379710674286,-0.190429836511612
"0VU8517U","황희","더불어민주당","liberal",22,-0.490922689437866,0.00673628924414515
"T2T8225E","강경숙","조국혁신당","rebuilding",22,-0.637987434864044,0.496162801980972
"NQO7187X","강선영","국민의힘","conservative",22,0.792474031448364,0.306561082601547
"7469929V","구자근","국민의힘","conservative",22,0.741463124752045,-0.579448223114014
"LG63087O","권영세","국민의힘","conservative",22,0.763964235782623,0.33327066898346
"HE08888N","김기웅","국민의힘","conservative",22,0.649127960205078,0.0147307487204671
"5K93695T","김승수","국민의힘","conservative",22,0.847437858581543,0.291852504014969
"HRG9655C","김희정","국민의힘","conservative",22,0.833911955356598,0.170858219265938
"OSV9142K","이만희","국민의힘","conservative",22,0.716137170791626,-0.411673754453659
"PFG2137X","정희용","국민의힘","conservative",22,0.683948993682861,-0.0551068149507046
"L2I9861C","강대식","국민의힘","conservative",22,0.825065076351166,-0.565037786960602
"9901388T","강명구","국민의힘","conservative",22,0.59684407711029,-0.353080183267593
"GX22581L","강민국","국민의힘","conservative",22,0.806622087955475,0.037628747522831
"42K7317Y","강승규","국민의힘","conservative",22,0.719769418239594,-0.464768946170807
"HS39431V","고동진","국민의힘","conservative",22,0.77031934261322,0.468423157930374
"REG96285","곽규택","국민의힘","conservative",22,0.72342199087143,0.25294890999794
"LYY5513O","권영진","국민의힘","conservative",22,0.54114156961441,-0.716393411159515
"ANS8383S","김대식","국민의힘","conservative",22,0.680792570114136,-0.259106427431107
"LH97552Q","김도읍","국민의힘","conservative",22,0.728916168212891,0.125932767987251
"3BC6890E","김미애","국민의힘","conservative",22,0.626171767711639,-0.244025781750679
"TCP9838Y","김민전","국민의힘","conservative",22,0.908896625041962,0.417021453380585
"VDN5593C","김상욱","더불어민주당","liberal",22,-0.38774448633194,-0.370497912168503
"1Y73132H","김상훈","국민의힘","conservative",22,0.625407576560974,-0.363959163427353
"JNL7001A","김선교","국민의힘","conservative",22,0.972849011421204,-0.231440499424934
"9D939735","김성원","국민의힘","conservative",22,0.786086797714233,-0.118972323834896
"CNZ51556","김예지","국민의힘","conservative",22,0.457917273044586,0.106285914778709
"EPI69383","김용태","국민의힘","conservative",22,0.677483379840851,0.325155913829803
"LCZ1711I","김위상","국민의힘","conservative",22,0.604452073574066,-0.178473889827728
"L5P27909","김은혜","국민의힘","conservative",22,0.766942203044891,0.201411217451096
"E1J8836Y","김정재","국민의힘","conservative",22,0.749302625656128,-0.0684249177575111
"N378078V","김종양","국민의힘","conservative",22,0.60328197479248,-0.182899579405785
"JEZ3130Q","김형동","국민의힘","conservative",22,0.608912646770477,-0.245160773396492
"SLW27496","나경원","국민의힘","conservative",22,0.93599933385849,0.152899652719498
"W4X85128","박대출","국민의힘","conservative",22,0.988541722297668,-0.150947362184525
"N4R2421C","박덕흠","국민의힘","conservative",22,0.667003452777863,-0.203636080026627
"VA04150X","박상웅","국민의힘","conservative",22,0.66947066783905,0.0289337281137705
"X3170462","박성민","국민의힘","conservative",22,0.74429452419281,-0.136754885315895
"NX534083","박성훈","국민의힘","conservative",22,0.903279304504395,0.344420254230499
"Y0X4618N","박수민","국민의힘","conservative",22,0.721502363681793,0.342193484306335
"6RD62559","박정하","국민의힘","conservative",22,0.700317919254303,0.270220816135406
"G6W8250J","박준태","국민의힘","conservative",22,0.741592466831207,-0.289520710706711
"6U243644","박형수","국민의힘","conservative",22,0.661664605140686,-0.180109843611717
"QQP4727N","배준영","국민의힘","conservative",22,0.637830495834351,-0.0319118015468121
"4X525582","배현진","국민의힘","conservative",22,0.666807532310486,0.0191735737025738
"CAA7713A","백종헌","국민의힘","conservative",22,0.632333517074585,-0.114169627428055
"QQ429063","서명옥","국민의힘","conservative",22,0.731495022773743,0.24668961763382
"L7J93733","서범수","국민의힘","conservative",22,0.583948910236359,-0.0476929359138012
"MR210505","서일준","국민의힘","conservative",22,0.736011207103729,-0.676969349384308
"P7U7800Z","서지영","국민의힘","conservative",22,0.914813876152039,0.292739450931549
"JP222486","서천호","국민의힘","conservative",22,0.787026524543762,-0.351092994213104
"PYA8594I","안상훈","국민의힘","conservative",22,0.689165592193604,0.145872965455055
"JZV5283U","유영하","국민의힘","conservative",22,0.754561483860016,-0.656229376792908
"KBK8836C","유용원","국민의힘","conservative",22,0.675650238990784,-0.231314584612846
"ZRF3039U","윤재옥","국민의힘","conservative",22,0.749380886554718,0.15469366312027
"ROS6754L","이달희","국민의힘","conservative",22,0.69683963060379,-0.272221028804779
"WXJ8352N","이성권","국민의힘","conservative",22,0.578859686851501,-0.0214370079338551
"DWK26447","이인선","국민의힘","conservative",22,0.714242517948151,-0.239974826574326
"HSW1214Q","이종배","국민의힘","conservative",22,0.688284158706665,-0.0754140689969063
"NLS46526","이종욱","국민의힘","conservative",22,0.834737479686737,0.295343041419983
"TZP9391O","이철규","국민의힘","conservative",22,0.885746121406555,-0.0928707122802734
"EVH1507C","이헌승","국민의힘","conservative",22,0.74748694896698,0.218847274780273
"B7789327","인요한","국민의힘","conservative",22,0.644776225090027,-0.121287561953068
"X639721U","임미애","더불어민주당","liberal",22,-0.600275635719299,-0.493604362010956
"EH27538E","임이자","국민의힘","conservative",22,0.695027530193329,-0.358147948980331
"RAJ1024Z","임종득","국민의힘","conservative",22,0.734053015708923,0.045716542750597
"KFM1081G","장동혁","국민의힘","conservative",22,0.71342796087265,-0.124518364667892
"DAY6557K","정동만","국민의힘","conservative",22,0.714596807956696,-0.218934878706932
"CGW7415Z","정성국","국민의힘","conservative",22,0.709600031375885,-0.0309480763971806
"8XE7026P","정연욱","국민의힘","conservative",22,0.718504190444946,-0.188708990812302
"5KV82250","조경태","국민의힘","conservative",22,0.302650690078735,0.0593056119978428
"ME83002L","조승환","국민의힘","conservative",22,0.793994188308716,0.0407536737620831
"MQU41854","조은희","국민의힘","conservative",22,0.710484325885773,-0.274041265249252
"WJL30106","조정훈","국민의힘","conservative",22,0.636520683765411,-0.33150389790535
"3NI5978A","조지연","국민의힘","conservative",22,0.725919604301453,-0.539327323436737
"QDU1100U","진종오","국민의힘","conservative",22,0.703147709369659,0.12656743824482
"UOS16250","최보윤","국민의힘","conservative",22,0.813005268573761,0.1266278475523
"A0P4646G","최형두","국민의힘","conservative",22,0.700415432453156,-0.160378575325012
"G152611B","추경호","국민의힘","conservative",22,0.708360314369202,0.262854248285294
"JQA21112","한기호","국민의힘","conservative",22,0.938913822174072,0.344152271747589
"Q918403D","한지아","국민의힘","conservative",22,0.615100920200348,0.43803671002388
"M2Q9024I","김종민","무소속","independent",22,-0.515636682510376,0.40067845582962
"UQ282145","이재정","더불어민주당","liberal",22,-0.57682991027832,0.505159080028534
"GDG1847Z","권성동","국민의힘","conservative",22,0.848737120628357,0.17328242957592
"TQP7167T","김건","국민의힘","conservative",22,0.61188793182373,-0.132553935050964
"X7I4680R","김기현","국민의힘","conservative",22,0.752842128276825,0.297340214252472
"ZYP7962W","김석기","국민의힘","conservative",22,0.72334098815918,-0.215289950370789
"X7E7893P","김장겸","국민의힘","conservative",22,0.780440092086792,-0.543881416320801
"P0F1530P","김태호","국민의힘","conservative",22,0.569422006607056,-0.0300085321068764
"FU87526G","박수영","국민의힘","conservative",22,0.915064811706543,0.323313623666763
"AEJ19639","박정훈","국민의힘","conservative",22,0.630159378051758,-0.404709100723267
"GP21946O","박충권","국민의힘","conservative",22,0.818079352378845,0.103501580655575
"7XY7109I","성일종","국민의힘","conservative",22,0.720112144947052,-0.08066675812006
"6EN68926","송언석","국민의힘","conservative",22,0.70382958650589,0.0266483277082443
"OWD1018N","신동욱","국민의힘","conservative",22,0.795946717262268,0.140307188034058
"RMC1840P","신성범","국민의힘","conservative",22,0.658714950084686,-0.204486757516861
"8348421R","엄태영","국민의힘","conservative",22,0.733605086803436,-0.21010310947895
"8UC4779G","우재준","국민의힘","conservative",22,0.636918365955353,0.0585981197655201
"MU69217P","유상범","국민의힘","conservative",22,0.790189564228058,0.0588362477719784
"8L52480G","이상휘","국민의힘","conservative",22,0.660307586193085,-0.336369544267654
"LJK4960Z","정점식","국민의힘","conservative",22,0.737011134624481,-0.226809203624725
"IWK63872","조배숙","국민의힘","conservative",22,0.658975720405579,-0.161439284682274
"GJK57930","주진우","국민의힘","conservative",22,0.629672527313232,-0.146967262029648
"WJG74792","최수진","국민의힘","conservative",22,0.759079694747925,0.0357707776129246
"UF53617M","최은석","국민의힘","conservative",22,0.9256152510643,0.338000625371933
"1SR94244","김소희","국민의힘","conservative",22,0.776073932647705,0.0714060887694359
"CNW5754J","송석준","국민의힘","conservative",22,0.724250853061676,-0.0367368459701538
"8X15119P","윤한홍","국민의힘","conservative",22,0.949446856975555,-0.147261053323746
"8SV6917G","주호영","국민의힘","conservative",22,0.739611983299255,0.489066779613495
"9VR65006","윤영석","국민의힘","conservative",22,0.608092844486237,-0.360357999801636
"MSY7784L","윤상현","국민의힘","conservative",22,0.711553633213043,-0.702631711959839
"S9U45255","이양수","국민의힘","conservative",22,0.827469229698181,0.167907238006592
"YN160848","백선희","조국혁신당","rebuilding",22,-0.638010084629059,0.122262097895145
"2KM3589W","손솔","진보당","progressive",22,-0.814802467823029,0.579738736152649
"CC78321E","최혁진","무소속","independent",22,-0.582614898681641,-0.0168079771101475
"RBM5454A","이주희","더불어민주당","liberal",22,-0.478442251682281,0.150091841816902
