"member_id","member_name","party","party_bloc","term","wnom_1d","bridged_1d"
"W168182V","김관영","무소속","independent",20,-0.207411244511604,-0.207411244511604
"LH97552Q","김도읍","국민의힘","conservative",20,0.473134219646454,0.473134219646454
"0W194007","김영주","국민의힘","conservative",20,-0.311317026615143,-0.311317026615143
"1MU99298","김철민","더불어민주당","liberal",20,-0.23695108294487,-0.23695108294487
"1WE5693J","김태년","더불어민주당","liberal",20,-0.286932349205017,-0.286932349205017
"09I2323E","김한정","더불어민주당","liberal",20,-0.321744978427887,-0.321744978427887
"SQ36001H","송기헌","더불어민주당","liberal",20,-0.428573459386826,-0.428573459386826
"YOG1280B","안철수","국민의힘","conservative",20,-1.25684091472067e-05,-1.25684091472067e-05
"Q6G2914I","윤종필","미래한국당","conservative",20,0.58755373954773,0.58755373954773
"DKB8522X","정인화","무소속","independent",20,-0.165157735347748,-0.165157735347748
"AFQ26679","주광덕","미래통합당","conservative",20,0.273805797100067,0.273805797100067
"XQ98168F","강길부","무소속","independent",20,0.0257240850478411,0.0257240850478411
"60490713","강병원","더불어민주당","liberal",20,-0.256018191576004,-0.256018191576004
"IH436704","강석진","미래통합당","conservative",20,0.258419305086136,0.258419305086136
"9WQ7845Z","강효상","미래통합당","conservative",20,0.747825682163239,0.747825682163239
"TRE2429O","강훈식","더불어민주당","liberal",20,-0.477442264556885,-0.477442264556885
"6V37131U","고용진","더불어민주당","liberal",20,-0.199192032217979,-0.199192032217979
"Q6A9034Q","곽대훈","무소속","independent",20,0.6700519323349,0.6700519323349
"RH454994","권미혁","더불어민주당","liberal",20,-0.51171487569809,-0.51171487569809
"C7E79345","권칠승","더불어민주당","liberal",20,-0.301926672458649,-0.301926672458649
"B7R2742J","기동민","더불어민주당","liberal",20,-0.292410403490067,-0.292410403490067
"ZKU88693","김경협","더불어민주당","liberal",20,-0.565047979354858,-0.565047979354858
"OC037566","김규환","미래한국당","conservative",20,0.502417206764221,0.502417206764221
"DCR84445","김동철","민생당","liberal_minor",20,0.02445656247437,0.02445656247437
"NTT8182Q","김민기","더불어민주당","liberal",20,-0.517843902111053,-0.517843902111053
"QB390802","김병관","더불어민주당","liberal",20,-0.410461097955704,-0.410461097955704
"GFF1986K","김병욱","더불어민주당","liberal",20,-0.274262756109238,-0.274262756109238
"DTG4846A","김선동","미래통합당","conservative",20,0.47638463973999,0.47638463973999
"RCF90176","김성식","무소속","independent",20,-0.190142169594765,-0.190142169594765
"5K343700","김수민","민생당","liberal_minor",20,-0.0140729183331132,-0.0140729183331132
"8WC7967F","김승희","미래한국당","conservative",20,0.655179142951965,0.655179142951965
"5765663F","김영진","더불어민주당","liberal",20,-0.230709508061409,-0.230709508061409
"7BM2933Y","김영호","더불어민주당","liberal",20,-0.468306094408035,-0.468306094408035
"6RP89579","김정우","더불어민주당","liberal",20,-0.267973184585571,-0.267973184585571
"I0F2578R","김종대","정의당","progressive",20,-0.867062091827393,-0.867062091827393
"HTK5293K","김종회","무소속","independent",20,-0.215880841016769,-0.215880841016769
"A935446Z","김종훈","민중당","independent",20,-1,-1
"SY09851R","김중로","민생당","liberal_minor",20,0.110574170947075,0.110574170947075
"N6C1899K","김진태","미래통합당","conservative",20,0.715920388698578,0.715920388698578
"YBM9779M","김한표","미래통합당","conservative",20,0.288305789232254,0.288305789232254
"CXA6162I","김현아","미래통합당","conservative",20,0.44134932756424,0.44134932756424
"WV97281W","문진국","미래한국당","conservative",20,0.193199411034584,0.193199411034584
"Y3E8697I","민경욱","미래통합당","conservative",20,0.472147941589355,0.472147941589355
"EUR98126","박맹우","미래한국당","conservative",20,0.316178649663925,0.316178649663925
"YLM92014","박순자","미래통합당","conservative",20,-0.0449752062559128,-0.0449752062559128
"A3H7195R","박완주","무소속","independent",20,-0.287305384874344,-0.287305384874344
"IQ54138I","박인숙","미래통합당","conservative",20,0.451711803674698,0.451711803674698
"XT18076X","박주선","민생당","liberal_minor",20,-0.27953889966011,-0.27953889966011
"UDB4825U","박주현","민생당","liberal_minor",20,-0.579504251480103,-0.579504251480103
"8EL9225R","박준영","민주평화당","independent",20,-0.396175682544708,-0.396175682544708
"BT62420K","박찬대","더불어민주당","liberal",20,-0.366507798433304,-0.366507798433304
"9CR4440H","배덕광","자유한국당","conservative",20,0.438045799732208,0.438045799732208
"8DK7238W","백재현","더불어민주당","liberal",20,-0.382153689861298,-0.382153689861298
"TKJ4800F","서영교","더불어민주당","liberal",20,-0.318340718746185,-0.318340718746185
"7XY7109I","성일종","국민의힘","conservative",20,0.463976442813873,0.463976442813873
"ZDR63255","소병훈","더불어민주당","liberal",20,-0.416529357433319,-0.416529357433319
"ZBX31520","손혜원","열린민주당","liberal_minor",20,-0.555612146854401,-0.555612146854401
"CNW5754J","송석준","국민의힘","conservative",20,0.31166809797287,0.31166809797287
"FGX4881A","심재철","미래통합당","conservative",20,0.438269734382629,0.438269734382629
"TST4507I","안규백","더불어민주당","liberal",20,-0.321786999702454,-0.321786999702454
"XEF29171","안호영","더불어민주당","liberal",20,-0.224562034010887,-0.224562034010887
"B6F5266B","엄용수","자유한국당","conservative",20,0.482936203479767,0.482936203479767
"6DG91769","원혜영","더불어민주당","liberal",20,-0.262557297945023,-0.262557297945023
"RQQ3807K","위성곤","더불어민주당","liberal",20,-0.521793723106384,-0.521793723106384
"GX38539O","유동수","더불어민주당","liberal",20,-0.258048564195633,-0.258048564195633
"I7Z3068X","유성엽","민생당","liberal_minor",20,-0.23338994383812,-0.23338994383812
"8X46899U","윤소하","정의당","progressive",20,-0.969550609588623,-0.969550609588623
"U9G5099O","윤영일","민생당","liberal_minor",20,-0.17679525911808,-0.17679525911808
"I7R13867","이개호","더불어민주당","liberal",20,-0.30861634016037,-0.30861634016037
"OQO34632","이동섭","민생당","liberal_minor",20,-0.0995452255010605,-0.0995452255010605
"X9Y63914","이용주","무소속","independent",20,-0.279589176177979,-0.279589176177979
"3ZR4438W","이인영","더불어민주당","liberal",20,-0.469492316246033,-0.469492316246033
"2SE64657","이장우","미래통합당","conservative",20,0.526661098003387,0.526661098003387
"UQ282145","이재정","더불어민주당","liberal",20,-0.592233419418335,-0.592233419418335
"7AN97172","이정현","무소속","independent",20,0.174470633268356,0.174470633268356
"2XI97689","이종구","미래통합당","conservative",20,0.473452806472778,0.473452806472778
"11N7618M","이종명","미래한국당","conservative",20,0.372148036956787,0.372148036956787
"8IN46764","이주영","미래통합당","conservative",20,0.346581995487213,0.346581995487213
"0ID22746","이진복","미래통합당","conservative",20,0.578680217266083,0.578680217266083
"LSK9789D","이철희","더불어민주당","liberal",20,-0.326292157173157,-0.326292157173157
"K5F2023J","이학영","더불어민주당","liberal",20,-0.394209206104279,-0.394209206104279
"EH27538E","임이자","국민의힘","conservative",20,0.239183589816093,0.239183589816093
"V8I36226","장병완","민생당","liberal_minor",20,-0.197340309619904,-0.197340309619904
"9YO73104","전재수","더불어민주당","liberal",20,-0.368778049945831,-0.368778049945831
"QZF33498","전희경","미래통합당","conservative",20,1,1
"0E97245Y","정양석","미래통합당","conservative",20,0.297890454530716,0.297890454530716
"8KB8281W","제윤경","더불어민주당","liberal",20,-0.43948894739151,-0.43948894739151
"5KV82250","조경태","국민의힘","conservative",20,0.495296001434326,0.495296001434326
"D397960C","조훈현","미래한국당","conservative",20,0.387401819229126,0.387401819229126
"ZJI5740K","최운열","더불어민주당","liberal",20,-0.294961214065552,-0.294961214065552
"EX94352K","표창원","더불어민주당","liberal",20,-0.310514092445374,-0.310514092445374
"1KD95875","함진규","미래통합당","conservative",20,0.219295397400856,0.219295397400856
"KR14136C","홍영표","새로운미래","centrist",20,-0.314260900020599,-0.314260900020599
"0VU8517U","황희","더불어민주당","liberal",20,-0.332954108715057,-0.332954108715057
"MHK9919B","곽상도","무소속","independent",20,0.867787003517151,0.867787003517151
"YKW37422","권은희","국민의힘","conservative",20,-0.136960446834564,-0.136960446834564
"PP08673W","김경수","더불어민주당","liberal",20,-0.274364084005356,-0.274364084005356
"YVN3115U","김경진","무소속","independent",20,-0.284641057252884,-0.284641057252884
"3NM5411H","김광수","무소속","independent",20,-0.545354187488556,-0.545354187488556
"NNP30098","김기선","미래한국당","conservative",20,0.626488447189331,0.626488447189331
"9EA39580","김명연","미래통합당","conservative",20,0.399533152580261,0.399533152580261
"8Q88373R","김병기","무소속","independent",20,-0.37280660867691,-0.37280660867691
"1Y73132H","김상훈","국민의힘","conservative",20,0.40452829003334,0.40452829003334
"GXT11570","김성수","더불어민주당","liberal",20,-0.406356304883957,-0.406356304883957
"9D939735","김성원","국민의힘","conservative",20,0.25686115026474,0.25686115026474
"BQS2021C","김성태","미래통합당","conservative",20,0.162962466478348,0.162962466478348
"7KD2317D","김순례","미래한국당","conservative",20,0.506423771381378,0.506423771381378
"06X3845L","김종석","미래한국당","conservative",20,0.446249604225159,0.446249604225159
"6QU2958D","김해영","더불어민주당","liberal",20,-0.212664633989334,-0.212664633989334
"MPV9321A","김현권","더불어민주당","liberal",20,-0.504707396030426,-0.504707396030426
"GN240959","노회찬","정의당","progressive",20,-0.778280317783356,-0.778280317783356
"TGL10010","문미옥","더불어민주당","liberal",20,-0.437657177448273,-0.437657177448273
"JMD3241I","박경미","더불어민주당","liberal",20,-0.377090692520142,-0.377090692520142
"24E9427D","박남춘","더불어민주당","liberal",20,-0.272782325744629,-0.272782325744629
"MC32279F","박선숙","민생당","liberal_minor",20,-0.297632992267609,-0.297632992267609
"QUO78839","박재호","더불어민주당","liberal",20,-0.439127087593079,-0.439127087593079
"4019850M","박정","더불어민주당","liberal",20,-0.403044849634171,-0.403044849634171
"6AU2417B","박주민","더불어민주당","liberal",20,-0.318199455738068,-0.318199455738068
"8BF5855P","박지원","더불어민주당","liberal",20,-0.171946793794632,-0.171946793794632
"S824682L","박홍근","더불어민주당","liberal",20,-0.465226322412491,-0.465226322412491
"HSS7466Y","백혜련","더불어민주당","liberal",20,-0.345418900251389,-0.345418900251389
"6N28669V","서형수","더불어민주당","liberal",20,-0.438774734735489,-0.438774734735489
"PAO22428","송영길","더불어민주당","liberal",20,-0.394771158695221,-0.394771158695221
"3249208I","송옥주","더불어민주당","liberal",20,-0.357012808322906,-0.357012808322906
"1PZ8289D","송희경","미래한국당","conservative",20,0.297257483005524,0.297257483005524
"G1570880","신동근","더불어민주당","liberal",20,-0.444245427846909,-0.444245427846909
"HE838063","신보라","미래통합당","conservative",20,0.422033458948135,0.422033458948135
"ZA54991S","안민석","더불어민주당","liberal",20,-0.244160056114197,-0.244160056114197
"A486635H","안상수","미래통합당","conservative",20,0.531463980674744,0.531463980674744
"TIS61927","양승조","더불어민주당","liberal",20,-0.178245574235916,-0.178245574235916
"SSF6805Q","염동열","미래한국당","conservative",20,0.320944577455521,0.320944577455521
"M6K7940A","오세정","바른미래당","independent",20,0.0170582756400108,0.0170582756400108
"21N57758","오영훈","더불어민주당","liberal",20,-0.354130655527115,-0.354130655527115
"5CO4531H","유은혜","더불어민주당","liberal",20,-0.485604226589203,-0.485604226589203
"3TP65086","윤종오","진보당","progressive",20,-0.738380312919617,-0.738380312919617
"8X15119P","윤한홍","국민의힘","conservative",20,0.948386132717133,0.948386132717133
"M0A1658U","윤호중","더불어민주당","liberal",20,-0.258729547262192,-0.258729547262192
"DBA1057Z","이용호","국민의힘","conservative",20,-0.381629794836044,-0.381629794836044
"16D7652C","이원욱","개혁신당","centrist",20,-0.37717017531395,-0.37717017531395
"WDS6044S","이채익","국민의힘","conservative",20,0.318870216608047,0.318870216608047
"TZP9391O","이철규","국민의힘","conservative",20,0.451129347085953,0.451129347085953
"QTW6852F","이태규","국민의힘","conservative",20,0.260707795619965,0.260707795619965
"EVH1507C","이헌승","국민의힘","conservative",20,0.489156454801559,0.489156454801559
"MBS2896E","이현재","무소속","independent",20,0.617388248443604,0.617388248443604
"UM51067K","인재근","더불어민주당","liberal",20,-0.412298530340195,-0.412298530340195
"E6U4345C","임종성","더불어민주당","liberal",20,-0.400457262992859,-0.400457262992859
"0AI7568W","장정숙","민생당","liberal_minor",20,-0.477932333946228,-0.477932333946228
"ARP89147","정동영","더불어민주당","liberal",20,-0.295007765293121,-0.295007765293121
"DCN7433W","정세균","더불어민주당","liberal",20,-0.220836728811264,-0.220836728811264
"0GF6251P","정유섭","미래통합당","conservative",20,0.432760804891586,0.432760804891586
"FYI20317","조승래","더불어민주당","liberal",20,-0.464263021945953,-0.464263021945953
"IN328264","조정식","더불어민주당","liberal",20,-0.236117705702782,-0.236117705702782
"GDN7894V","채이배","민생당","liberal_minor",20,0.202178999781609,0.202178999781609
"O8E1566L","최도자","민생당","liberal_minor",20,-0.289679378271103,-0.289679378271103
"16I8621J","최연혜","미래통합당","conservative",20,0.618810653686523,0.618810653686523
"GW55008L","홍의락","더불어민주당","liberal",20,-0.520912766456604,-0.520912766456604
"C7Z8238W","황영철","자유한국당","conservative",20,0.111015267670155,0.111015267670155
"23D73143","경대수","미래통합당","conservative",20,0.4067742228508,0.4067742228508
"GDG1847Z","권성동","국민의힘","conservative",20,0.772626399993896,0.772626399993896
"CI15627C","김두관","더불어민주당","liberal",20,-0.481655031442642,-0.481655031442642
"SNJ6318D","김무성","미래통합당","conservative",20,0.727914690971375,0.727914690971375
"ZL32287Z","김삼화","민생당","liberal_minor",20,0.0138345789164305,0.0138345789164305
"UGH6481E","김상희","더불어민주당","liberal",20,-0.515290856361389,-0.515290856361389
"ZYP7962W","김석기","국민의힘","conservative",20,0.315901577472687,0.315901577472687
"PLR62452","김영우","미래통합당","conservative",20,0.266654670238495,0.266654670238495
"E1J8836Y","김정재","국민의힘","conservative",20,0.410299807786942,0.410299807786942
"Q9H5708M","김진표","무소속","independent",20,-0.229795664548874,-0.229795664548874
"IYD4143Y","문희상","무소속","independent",20,-0.192662209272385,-0.192662209272385
"O6D8329R","민홍철","더불어민주당","liberal",20,-0.354557245969772,-0.354557245969772
"OTE19384","박명재","미래통합당","conservative",20,0.786107957363129,0.786107957363129
"7R156073","박범계","더불어민주당","liberal",20,-0.352505743503571,-0.352505743503571
"D0C85236","박완수","국민의힘","conservative",20,0.590357422828674,0.590357422828674
"PEP6922S","박용진","더불어민주당","liberal",20,-0.477585047483444,-0.477585047483444
"OW53107J","설훈","새로운미래","centrist",20,-0.483986645936966,-0.483986645936966
"MTK2954E","신용현","민생당","liberal_minor",20,0.0262215044349432,0.0262215044349432
"WYC63862","신창현","더불어민주당","liberal",20,-0.319199949502945,-0.319199949502945
"VXQ28579","심재권","더불어민주당","liberal",20,-0.304279148578644,-0.304279148578644
"QKY38290","여상규","미래한국당","conservative",20,0.466023862361908,0.466023862361908
"TZD17894","원유철","미래한국당","conservative",20,0.25428432226181,0.25428432226181
"I5V5327I","유민봉","미래통합당","conservative",20,0.384609043598175,0.384609043598175
"SEK1881Q","유재중","미래통합당","conservative",20,0.738309741020203,0.738309741020203
"JMY9959W","윤관석","무소속","independent",20,-0.288806825876236,-0.288806825876236
"OSV9142K","이만희","국민의힘","conservative",20,0.430269032716751,0.430269032716751
"6YT83269","이명수","국민의힘","conservative",20,0.214974582195282,0.214974582195282
"ZYH1940A","이상민","국민의힘","conservative",20,-0.39257350564003,-0.39257350564003
"8WV8289I","이완영","자유한국당","conservative",20,0.331847310066223,0.331847310066223
"ABT2266H","이용득","더불어민주당","liberal",20,-0.441729456186295,-0.441729456186295
"0582116P","이우현","자유한국당","conservative",20,0.41723820567131,0.41723820567131
"DVD2735W","이은권","미래통합당","conservative",20,0.720705687999725,0.720705687999725
"WDR7061Y","이종걸","더불어민주당","liberal",20,-0.426220953464508,-0.426220953464508
"HSW1214Q","이종배","국민의힘","conservative",20,0.426655679941177,0.426655679941177
"BWD92364","이찬열","미래통합당","conservative",20,-0.268633782863617,-0.268633782863617
"V2R7430Z","이춘석","무소속","independent",20,-0.411110937595367,-0.411110937595367
"WNN9272X","장석춘","미래한국당","conservative",20,0.452560693025589,0.452560693025589
"CZB4125D","장제원","국민의힘","conservative",20,0.195385634899139,0.195385634899139
"BM63269Y","전해철","더불어민주당","liberal",20,-0.262145578861237,-0.262145578861237
"V429892C","정성호","더불어민주당","liberal",20,-0.233143180608749,-0.233143180608749
"ZGA4092Y","정용기","미래통합당","conservative",20,0.34664449095726,0.34664449095726
"IWK63872","조배숙","국민의힘","conservative",20,-0.122003473341465,-0.122003473341465
"CDL93608","조응천","개혁신당","centrist",20,-0.281622052192688,-0.281622052192688
"5HG31863","지상욱","미래통합당","conservative",20,0.196701750159264,0.196701750159264
"IDV9108J","진영","더불어민주당","liberal",20,-0.300489455461502,-0.300489455461502
"LPB30152","최인호","더불어민주당","liberal",20,-0.228019341826439,-0.228019341826439
"GD131760","홍문표","국민의힘","conservative",20,0.257367700338364,0.257367700338364
"R365233W","홍철호","미래통합당","conservative",20,0.250065416097641,0.250065416097641
"JOY4394O","황주홍","민생당","liberal_minor",20,-0.18861635029316,-0.18861635029316
"8I61593E","강석호","미래통합당","conservative",20,0.633074522018433,0.633074522018433
"QZR19240","금태섭","더불어민주당","liberal",20,-0.274067014455795,-0.274067014455795
"MGE7194M","김광림","미래통합당","conservative",20,0.640102744102478,0.640102744102478
"UIZ3103R","김부겸","더불어민주당","liberal",20,-0.36090075969696,-0.36090075969696
"2WQ6656P","김세연","미래통합당","conservative",20,0.181746989488602,0.181746989488602
"TWL5801D","김영춘","더불어민주당","liberal",20,-0.440424174070358,-0.440424174070358
"AMF4093D","김용태","미래통합당","conservative",20,0.805648565292358,0.805648565292358
"M3Z17237","김재경","미래통합당","conservative",20,0.255591958761215,0.255591958761215
"M2Q9024I","김종민","무소속","independent",20,-0.367765486240387,-0.367765486240387
"9XB6464U","김현미","더불어민주당","liberal",20,-0.240860193967819,-0.240860193967819
"0827740Q","노웅래","더불어민주당","liberal",20,-0.37113681435585,-0.37113681435585
"J2O8643H","도종환","더불어민주당","liberal",20,-0.483088791370392,-0.483088791370392
"39P2522W","민병두","무소속","independent",20,-0.430007845163345,-0.430007845163345
"K3W33496","박광온","더불어민주당","liberal",20,-0.361723840236664,-0.361723840236664
"W4X85128","박대출","국민의힘","conservative",20,0.916995465755463,0.916995465755463
"N4R2421C","박덕흠","국민의힘","conservative",20,0.38670489192009,0.38670489192009
"BLC8630L","박병석","더불어민주당","liberal",20,-0.240036159753799,-0.240036159753799
"8T51904N","박찬우","자유한국당","conservative",20,0.503043353557587,0.503043353557587
"O0G3169T","백승주","미래한국당","conservative",20,0.459856867790222,0.459856867790222
"4Y54669I","서청원","우리공화당","independent",20,0.164336085319519,0.164336085319519
"A8O42480","손금주","더불어민주당","liberal",20,-0.17163647711277,-0.17163647711277
"7BV5480O","송기석","국민의당","independent",20,-0.0347366258502007,-0.0347366258502007
"BN49469V","신경민","더불어민주당","liberal",20,-0.429664552211761,-0.429664552211761
"8FB1535Y","어기구","더불어민주당","liberal",20,-0.308285117149353,-0.308285117149353
"H337332S","오신환","미래통합당","conservative",20,0.192466214299202,0.192466214299202
"SVH30067","오제세","더불어민주당","liberal",20,-0.274482369422913,-0.274482369422913
"V0O5343U","우상호","더불어민주당","liberal",20,-0.407067686319351,-0.407067686319351
"LDY9563L","윤상직","미래통합당","conservative",20,0.688242614269257,0.688242614269257
"ZRF3039U","윤재옥","국민의힘","conservative",20,0.370450407266617,0.370450407266617
"JWW6081H","이상돈","민생당","liberal_minor",20,-0.164671808481216,-0.164671808481216
"S9U45255","이양수","국민의힘","conservative",20,0.392390042543411,0.392390042543411
"IQN7588X","이은재","무소속","independent",20,0.44608798623085,0.44608798623085
"IUE5875N","이정미","정의당","progressive",20,-0.89525693655014,-0.89525693655014
"NS06841K","이철우","자유한국당","conservative",20,0.196321502327919,0.196321502327919
"BTP28870","이훈","더불어민주당","liberal",20,-0.592323899269104,-0.592323899269104
"25G2571T","전현희","더불어민주당","liberal",20,-0.273840367794037,-0.273840367794037
"N9X9673B","전혜숙","무소속","independent",20,-0.343023240566254,-0.343023240566254
"CYD5815E","정갑윤","미래통합당","conservative",20,0.509603381156921,0.509603381156921
"P303213F","정병국","미래통합당","conservative",20,0.303540617227554,0.303540617227554
"VHK3402G","정우택","국민의힘","conservative",20,0.493585139513016,0.493585139513016
"NZF1659U","정운천","국민의힘","conservative",20,0.185065388679504,0.185065388679504
"9S468336","정재호","더불어민주당","liberal",20,-0.431513398885727,-0.431513398885727
"CJX51868","정종섭","미래통합당","conservative",20,0.668940484523773,0.668940484523773
"NQR1206Q","정진석","국민의힘","conservative",20,0.533559501171112,0.533559501171112
"MD083627","정춘숙","더불어민주당","liberal",20,-0.433380931615829,-0.433380931615829
"GCA42857","주승용","민생당","liberal_minor",20,-0.139977172017097,-0.139977172017097
"68P7228G","진선미","더불어민주당","liberal",20,-0.291948854923248,-0.291948854923248
"U013741R","최명길","국민의당","independent",20,-0.582525432109833,-0.582525432109833
"G152611B","추경호","국민의힘","conservative",20,0.776282668113708,0.776282668113708
"URV1689Q","추미애","더불어민주당","liberal",20,-0.347714483737946,-0.347714483737946
"XTB3104O","추혜선","정의당","progressive",20,-0.994268596172333,-0.994268596172333
"I0S53762","하태경","국민의힘","conservative",20,0.129841700196266,0.129841700196266
"XPP2564T","한정애","더불어민주당","liberal",20,-0.529004871845245,-0.529004871845245
"FRN1867O","홍익표","더불어민주당","liberal",20,-0.467221260070801,-0.467221260070801
"MO52543L","변재일","더불어민주당","liberal",20,-0.411660581827164,-0.411660581827164
"71M8132V","신상진","미래통합당","conservative",20,0.545215129852295,0.545215129852295
"SU53086M","심상정","정의당","progressive",20,-0.912106275558472,-0.912106275558472
"CAL85655","유기준","미래통합당","conservative",20,0.344732105731964,0.344732105731964
"9BE5694R","유승희","더불어민주당","liberal",20,-0.405577003955841,-0.405577003955841
"MRK4871S","유의동","국민의힘","conservative",20,0.202197924256325,0.202197924256325
"06571503","정태옥","무소속","independent",20,0.527677714824677,0.527677714824677
"VNF2868Z","조원진","우리공화당","independent",20,0.864366829395294,0.864366829395294
"8SV6917G","주호영","국민의힘","conservative",20,0.787003934383392,0.787003934383392
"TO79481Z","최교일","미래통합당","conservative",20,0.303502470254898,0.303502470254898
"PAB29217","김성찬","미래한국당","conservative",20,0.419761389493942,0.419761389493942
"64G6894C","김정훈","미래한국당","conservative",20,0.215856686234474,0.215856686234474
"04T3751T","남인순","더불어민주당","liberal",20,-0.452159106731415,-0.452159106731415
"XBT9550Q","우원식","무소속","independent",20,-0.466902911663055,-0.466902911663055
"PWU27609","유승민","미래통합당","conservative",20,-0.000208373196073808,-0.000208373196073808
"0135473I","이군현","자유한국당","conservative",20,0.394447207450867,0.394447207450867
"JG77046J","이언주","더불어민주당","liberal",20,-0.121537305414677,-0.121537305414677
"AJV31724","이학재","미래통합당","conservative",20,0.474617689847946,0.474617689847946
"LCJ77278","이혜훈","미래통합당","conservative",20,0.0758150815963745,0.0758150815963745
"T2K9554I","홍문종","친박신당","independent",20,0.614208877086639,0.614208877086639
"06L2365K","홍일표","미래통합당","conservative",20,0.601033091545105,0.601033091545105
"TOU1222X","강창일","더불어민주당","liberal",20,-0.398432970046997,-0.398432970046997
"O149331C","권석창","자유한국당","conservative",20,0.310656636953354,0.310656636953354
"DAN6731C","박성중","국민의힘","conservative",20,0.906651675701141,0.906651675701141
"F5U2979W","김학용","국민의힘","conservative",20,0.406473338603973,0.406473338603973
"S8431719","박영선","더불어민주당","liberal",20,-0.503041326999664,-0.503041326999664
"9VR65006","윤영석","국민의힘","conservative",20,0.626464486122131,0.626464486122131
"9ZP9014Q","이해찬","더불어민주당","liberal",20,-0.356949597597122,-0.356949597597122
"ZX71333R","한선교","미래한국당","conservative",20,0.653894007205963,0.653894007205963
"KA04352K","최경환","민생당","liberal_minor",20,-0.403386652469635,-0.403386652469635
"MSY7784L","윤상현","국민의힘","conservative",20,0.325080037117004,0.325080037117004
"3SP89633","천정배","민생당","liberal_minor",20,-0.414764881134033,-0.414764881134033
"SLW27496","나경원","국민의힘","conservative",20,0.62988555431366,0.62988555431366
"GMK1374L","이석현","더불어민주당","liberal",20,-0.260733366012573,-0.260733366012573
"O7R5461J","윤후덕","더불어민주당","liberal",20,-0.439424186944962,-0.439424186944962
"TVF3669B","김태흠","국민의힘","conservative",20,0.491350620985031,0.491350620985031
"9414335X","심기준","더불어민주당","liberal",20,-0.326381087303162,-0.326381087303162
"QZU9232M","김재원","미래통합당","conservative",20,0.645204961299896,0.645204961299896
"R7N74579","이수혁","더불어민주당","liberal",20,-0.241041079163551,-0.241041079163551
"6EN68926","송언석","국민의힘","conservative",20,0.395302772521973,0.395302772521973
"9FL71418","이규희","더불어민주당","liberal",20,-0.305375069379807,-0.305375069379807
"WVU2479T","이상헌","무소속","independent",20,-0.28438150882721,-0.28438150882721
"FOK3459D","서삼석","더불어민주당","liberal",20,-0.308567881584167,-0.308567881584167
"RD42006Y","송갑석","더불어민주당","liberal",20,-0.468580842018127,-0.468580842018127
"5DR6334X","윤일규","더불어민주당","liberal",20,-0.436858117580414,-0.436858117580414
"7W35098M","윤준호","더불어민주당","liberal",20,-0.313624501228333,-0.313624501228333
"QXD2505Y","이후삼","더불어민주당","liberal",20,-0.345823913812637,-0.345823913812637
"VE469451","최재성","더불어민주당","liberal",20,-0.32731157541275,-0.32731157541275
"XSP20229","김성환","더불어민주당","liberal",20,-0.378245681524277,-0.378245681524277
"9LD2641Q","김정호","더불어민주당","liberal",20,-0.413652658462524,-0.413652658462524
"FJK3396E","맹성규","더불어민주당","liberal",20,-0.303283870220184,-0.303283870220184
"BIR8594P","임재훈","민생당","liberal_minor",20,-0.484980553388596,-0.484980553388596
"B751170H","여영국","정의당","progressive",20,-0.890973091125488,-0.890973091125488
"LJK4960Z","정점식","국민의힘","conservative",20,0.200300365686417,0.200300365686417
"DQL3007B","정은혜","더불어민주당","liberal",20,-0.426012367010117,-0.426012367010117
"14M56632","강기윤","국민의힘","conservative",21,0.470289766788483,0.400851769910243
"L2I9861C","강대식","국민의힘","conservative",21,0.635404050350189,0.547820218763285
"C7E79345","권칠승","더불어민주당","liberal",21,-0.337671428918839,-0.318315591659523
"1BX7234U","김경만","더불어민주당","liberal",21,-0.312437325716019,-0.295854682003999
"6399076T","김민철","더불어민주당","liberal",21,-0.309544265270233,-0.293279564957894
"GF286398","김병주","더불어민주당","liberal",21,-0.324863910675049,-0.306915602213768
"ZYP7962W","김석기","국민의힘","conservative",21,0.431920498609543,0.366699232005927
"JNL7001A","김선교","국민의힘","conservative",21,0.555396854877472,0.476605705021274
"XSP20229","김성환","더불어민주당","liberal",21,-0.342817336320877,-0.322895970852074
"0W194007","김영주","국민의힘","conservative",21,-0.32869628071785,-0.310326800012478
"LNR7932L","김진애","열린민주당","liberal_minor",21,-1,-0.907855155548749
"Q9H5708M","김진표","무소속","independent",21,-0.322153806686401,-0.304503334959536
"09I2323E","김한정","더불어민주당","liberal",21,-0.37085571885109,-0.34785297335921
"DAN6731C","박성중","국민의힘","conservative",21,1,0.872347570499692
"FU87526G","박수영","국민의힘","conservative",21,0.644544720649719,0.555956341855852
"40S1959J","박영순","새로운미래","centrist",21,-0.564494252204895,-0.520210895831444
"QKO6165V","박진","국민의힘","conservative",21,0.44604617357254,0.379272514544128
"A2V51235","배진교","정의당","progressive",21,-1,-0.907855155548749
"CAA7713A","백종헌","국민의힘","conservative",21,0.326348572969437,0.272729517096576
"XR24352K","서영석","더불어민주당","liberal",21,-0.348254978656769,-0.327736023706889
"MR210505","서일준","국민의힘","conservative",21,0.493103742599487,0.42115852087562
"AFH96856","신영대","더불어민주당","liberal",21,-0.363971203565598,-0.341725056919833
"TST4507I","안규백","더불어민주당","liberal",21,-0.365914672613144,-0.343454941368049
"8FB1535Y","어기구","더불어민주당","liberal",21,-0.454891353845596,-0.422653206610427
"21N57758","오영훈","더불어민주당","liberal",21,-0.478588193655014,-0.443745796024156
"GX38539O","유동수","더불어민주당","liberal",21,-0.319455236196518,-0.302101333688273
"O7R5461J","윤후덕","더불어민주당","liberal",21,-0.340886116027832,-0.321176989036934
"4A067125","이광재","더불어민주당","liberal",21,-0.38197186589241,-0.357747470992268
"HKJ99607","이병훈","더불어민주당","liberal",21,-0.35900753736496,-0.337306890869048
"1X376850","이영","국민의힘","conservative",21,0.549576878547668,0.471425336157348
"GKD32201","이용빈","더불어민주당","liberal",21,-0.44245034456253,-0.411579447290173
"DAV7257X","이원택","더불어민주당","liberal",21,-0.371332436800003,-0.348277300655316
"3ZR4438W","이인영","더불어민주당","liberal",21,-0.464738190174103,-0.431417889047907
"FDC3144T","이종성","국민의힘","conservative",21,0.598706126213074,0.515155346468679
"K5F2023J","이학영","더불어민주당","liberal",21,-0.355802237987518,-0.334453849524287
"DPZ7685X","전봉민","국민의힘","conservative",21,0.389485359191895,0.328927656570155
"BM63269Y","전해철","더불어민주당","liberal",21,-0.319633156061172,-0.302259700402311
"LT72093S","정일영","더불어민주당","liberal",21,-0.35220393538475,-0.331250995472989
"TP066860","정정순","더불어민주당","liberal",21,-0.451381504535675,-0.419529084955656
"NQR1206Q","정진석","국민의힘","conservative",21,0.292205840349197,0.24233902425393
"CDL93608","조응천","개혁신당","centrist",21,-0.376936972141266,-0.353265905201692
"WJL30106","조정훈","국민의힘","conservative",21,-0.0307003445923328,-0.0450802110914772
"I434361W","조태용","국민의힘","conservative",21,0.460310786962509,0.391969466365552
"A494529E","천준호","더불어민주당","liberal",21,-0.384334355592728,-0.359850326294651
"G152611B","추경호","국민의힘","conservative",21,0.52564412355423,0.450122758316763
"0VU8517U","황희","더불어민주당","liberal",21,-0.326906770467758,-0.308733954499726
"8P37634C","강득구","더불어민주당","liberal",21,-0.410317093133926,-0.382977596395172
"GX22581L","강민국","국민의힘","conservative",21,0.703224420547485,0.608187222716706
"P2N50879","강민정","더불어민주당","liberal",21,-0.774916172027588,-0.707507733475796
"60490713","강병원","더불어민주당","liberal",21,-0.354152500629425,-0.332985416053216
"MNZ4401T","강선우","무소속","independent",21,-0.522292971611023,-0.48264747845347
"WMG57662","강은미","정의당","progressive",21,-0.999503016471863,-0.907412789832953
"5KV96424","강준현","더불어민주당","liberal",21,-0.314422994852066,-0.29762212880851
"TRE2429O","강훈식","더불어민주당","liberal",21,-0.377967655658722,-0.354183318005426
"WCD5518S","고민정","더불어민주당","liberal",21,-0.472245544195175,-0.438100195094769
"4XG1439M","고영인","더불어민주당","liberal",21,-0.317272305488586,-0.300158304089756
"MHK9919B","곽상도","무소속","independent",21,0.752025902271271,0.651625488116649
"7469929V","구자근","국민의힘","conservative",21,0.43628004193306,0.370579667460352
"E9R4507P","권명호","국민의힘","conservative",21,0.599214911460876,0.515608216911235
"GDG1847Z","권성동","국민의힘","conservative",21,0.840486526489258,0.730364410307052
"3TO11703","권인숙","더불어민주당","liberal",21,-0.491946816444397,-0.455636324377112
"B7R2742J","기동민","더불어민주당","liberal",21,-0.357626736164093,-0.336077837838091
"ZKU88693","김경협","더불어민주당","liberal",21,-0.55215585231781,-0.509228469274411
"X1K3667J","김교흥","더불어민주당","liberal",21,-0.354648798704147,-0.333427171645992
"X7I4680R","김기현","국민의힘","conservative",21,0.395479947328568,0.334263447641376
"QHL3248U","김남국","더불어민주당","liberal",21,-0.484606981277466,-0.449103127090654
"CI15627C","김두관","더불어민주당","liberal",21,-0.585625767707825,-0.539020086583369
"NTT8182Q","김민기","더불어민주당","liberal",21,-0.56402063369751,-0.519789327352466
"MLH1404S","김민석","더불어민주당","liberal",21,-0.358582556247711,-0.336928614597325
"8Q88373R","김병기","무소속","independent",21,-0.352404981851578,-0.331429947207143
"GFF1986K","김병욱","더불어민주당","liberal",21,-0.277136296033859,-0.26443318736775
"1Y73132H","김상훈","국민의힘","conservative",21,0.378158241510391,0.318845373682713
"UGH6481E","김상희","더불어민주당","liberal",21,-0.516313314437866,-0.477324977453226
"9D939735","김성원","국민의힘","conservative",21,0.485522270202637,0.414410241961452
"2UD1340H","김성주","더불어민주당","liberal",21,-0.482629358768463,-0.447342842599843
"L7T64271","김수흥","더불어민주당","liberal",21,-0.328696221113205,-0.310326746958303
"P2N4585G","김승남","더불어민주당","liberal",21,-0.330046117305756,-0.311528291399233
"ATB59635","김승원","더불어민주당","liberal",21,-0.338409245014191,-0.318972322771657
"B7D7534L","김영배","더불어민주당","liberal",21,-0.336984604597092,-0.317704248394578
"IOW1101J","김영식","국민의힘","conservative",21,0.681665360927582,0.588997474363509
"5765663F","김영진","더불어민주당","liberal",21,-0.326240420341492,-0.308140835344085
"7BM2933Y","김영호","더불어민주당","liberal",21,-0.386019647121429,-0.361350406581441
"CNZ51556","김예지","국민의힘","conservative",21,0.50923752784729,0.435519225115429
"OFE45081","김용민","더불어민주당","liberal",21,-0.412487626075745,-0.384909590725174
"SVH3899R","김용판","국민의힘","conservative",21,0.496842116117477,0.424486052239476
"LQW3652K","김웅","국민의힘","conservative",21,0.973832786083221,0.849056097725821
"4L695580","김원이","더불어민주당","liberal",21,-0.555191159248352,-0.511930200110484
"JZY9937U","김윤덕","더불어민주당","liberal",21,-0.344025135040283,-0.323971034138476
"E1J8836Y","김정재","국민의힘","conservative",21,0.401245802640915,0.339395643313897
"9LD2641Q","김정호","더불어민주당","liberal",21,-0.339480400085449,-0.319925759360594
"M2Q9024I","김종민","무소속","independent",21,-0.399647235870361,-0.373480341901599
"D6U6678O","김주영","더불어민주당","liberal",21,-0.381775587797165,-0.357572763592158
"1MU99298","김철민","더불어민주당","liberal",21,-0.377768784761429,-0.35400630274868
"1WE5693J","김태년","더불어민주당","liberal",21,-0.338176339864731,-0.318765013580667
"P0F1530P","김태호","국민의힘","conservative",21,0.392279088497162,0.331414358832694
"JEZ3130Q","김형동","국민의힘","conservative",21,0.454542189836502,0.386834830200956
"PO64874I","김홍걸","더불어민주당","liberal",21,-0.543098330497742,-0.501166356756747
"M6H1705E","김회재","더불어민주당","liberal",21,-0.304013162851334,-0.288356323155805
"52P3934K","김희곤","국민의힘","conservative",21,0.297927528619766,0.247431906782363
"04T3751T","남인순","더불어민주당","liberal",21,-0.39179664850235,-0.366492523384791
"0827740Q","노웅래","더불어민주당","liberal",21,-0.34938907623291,-0.328745485505215
"J2O8643H","도종환","더불어민주당","liberal",21,-0.462255507707596,-0.429208050000513
"8VY63414","류성걸","국민의힘","conservative",21,0.377034097909927,0.317844771931705
"FJK3396E","맹성규","더불어민주당","liberal",21,-0.308750450611115,-0.292572989447824
"GOC54665","문정복","더불어민주당","liberal",21,-0.374247908592224,-0.350872366071431
"4U29186R","문진석","더불어민주당","liberal",21,-0.344184845685959,-0.324113192801881
"TZ228122","민병덕","더불어민주당","liberal",21,-0.425314962863922,-0.396327220684301
"VRY5522V","민형배","더불어민주당","liberal",21,-0.665541589260101,-0.61015326827425
"O6D8329R","민홍철","더불어민주당","liberal",21,-0.444242268800735,-0.413174441497035
"K3W33496","박광온","더불어민주당","liberal",21,-0.3520288169384,-0.331095122305202
"B7H6207C","박대수","국민의힘","conservative",21,0.498027414083481,0.425541087574606
"W4X85128","박대출","국민의힘","conservative",21,0.998683750629425,0.871175975140863
"N4R2421C","박덕흠","국민의힘","conservative",21,0.289714932441711,0.240121863730309
"7R156073","박범계","더불어민주당","liberal",21,-0.359209984540939,-0.337487089376328
"BLC8630L","박병석","더불어민주당","liberal",21,-0.335355281829834,-0.316253985978635
"HXT76735","박상혁","더불어민주당","liberal",21,-0.375256985425949,-0.351770546736526
"X3170462","박성민","국민의힘","conservative",21,0.481230109930038,0.410589784252494
"IL74008M","박성준","더불어민주당","liberal",21,-0.299963742494583,-0.284751928576803
"A3H7195R","박완주","무소속","independent",21,-0.495944559574127,-0.459194720985906
"PEP6922S","박용진","더불어민주당","liberal",21,-0.551913321018219,-0.509012591834069
"QUO78839","박재호","더불어민주당","liberal",21,-0.383581668138504,-0.359180358165715
"4019850M","박정","더불어민주당","liberal",21,-0.331419110298157,-0.312750394333192
"6AU2417B","박주민","더불어민주당","liberal",21,-0.482070982456207,-0.446845831083224
"BT62420K","박찬대","더불어민주당","liberal",21,-0.457960277795792,-0.425384860001513
"S824682L","박홍근","더불어민주당","liberal",21,-0.327806383371353,-0.30953470117141
"QQP4727N","배준영","국민의힘","conservative",21,0.561050891876221,0.48163837106045
"HSS7466Y","백혜련","더불어민주당","liberal",21,-0.339475184679031,-0.319921117120233
"0PK7354M","서동용","더불어민주당","liberal",21,-0.475139409303665,-0.440676028372244
"L7J93733","서범수","국민의힘","conservative",21,0.34292608499527,0.287485183146321
"FOK3459D","서삼석","더불어민주당","liberal",21,-0.350062042474747,-0.329344493674343
"TKJ4800F","서영교","더불어민주당","liberal",21,-0.340836107730865,-0.321132476583642
"WFU14784","서정숙","국민의힘","conservative",21,0.729778349399567,0.631822910981592
"OW53107J","설훈","새로운미래","centrist",21,-0.431219965219498,-0.40158327132966
"17M85910","소병철","더불어민주당","liberal",21,-0.314713627099991,-0.297880820968527
"ZDR63255","소병훈","더불어민주당","liberal",21,-0.589491426944733,-0.542460915139128
"RD42006Y","송갑석","더불어민주당","liberal",21,-0.377702623605728,-0.353947412613811
"SQ36001H","송기헌","더불어민주당","liberal",21,-0.31875941157341,-0.301481979242819
"CNW5754J","송석준","국민의힘","conservative",21,0.333391457796097,0.278998398480409
"PAO22428","송영길","더불어민주당","liberal",21,-0.391450136899948,-0.36618409293519
"3249208I","송옥주","더불어민주당","liberal",21,-0.480203032493591,-0.445183166275438
"LM13674V","송재호","더불어민주당","liberal",21,-0.335320055484772,-0.316222630960881
"G1570880","신동근","더불어민주당","liberal",21,-0.423077583312988,-0.394335726096412
"SRP7336N","신원식","국민의힘","conservative",21,0.742672443389893,0.643299961617343
"M7O7878U","신정훈","더불어민주당","liberal",21,-0.44601982831955,-0.414756649647588
"F5Y4026Q","신현영","더불어민주당","liberal",21,-0.359196037054062,-0.337474674699247
"SU53086M","심상정","정의당","progressive",21,-0.909049212932587,-0.826899736011919
"ZA54991S","안민석","더불어민주당","liberal",21,-0.38688388466835,-0.362119665599932
"6MO8786S","안병길","국민의힘","conservative",21,0.762324333190918,0.660792135515238
"XEF29171","안호영","더불어민주당","liberal",21,-0.370630294084549,-0.347652322467253
"9V18755A","양경숙","더불어민주당","liberal",21,-0.368252575397491,-0.345535911823015
"VG24001G","양금희","국민의힘","conservative",21,0.649149298667908,0.560054883025993
"KUO3574J","양기대","더불어민주당","liberal",21,-0.307204693555832,-0.291197108986012
"7O71647Z","양이원영","더불어민주당","liberal",21,-0.595507264137268,-0.547815620023935
"PZA4062H","양정숙","개혁신당","centrist",21,-0.424344211816788,-0.39546315385409
"WHV3448W","양향자","개혁신당","centrist",21,-0.309462279081345,-0.293206588939415
"8348421R","엄태영","국민의힘","conservative",21,0.50796627998352,0.434387685659146
"OIA3741M","오기형","더불어민주당","liberal",21,-0.425085365772247,-0.396122856000055
"MY318392","오영환","새로운미래","centrist",21,-0.376859724521637,-0.35319714699017
"GE71932C","용혜인","기본소득당","progressive",21,-0.823631703853607,-0.750869494754585
"V0O5343U","우상호","더불어민주당","liberal",21,-0.355195969343185,-0.333914208977607
"XBT9550Q","우원식","무소속","independent",21,-0.418785512447357,-0.390515347968718
"RQQ3807K","위성곤","더불어민주당","liberal",21,-0.560764849185944,-0.516891349121008
"9L57027L","유경준","국민의힘","conservative",21,0.738947749137878,0.639984606186777
"8FC9697X","유기홍","더불어민주당","liberal",21,-0.470907777547836,-0.436909447178564
"MU69217P","유상범","국민의힘","conservative",21,0.681901633739471,0.589207781115418
"MRK4871S","유의동","국민의힘","conservative",21,0.604625165462494,0.520423891372382
"0WL9321T","유정주","더불어민주당","liberal",21,-0.473770469427109,-0.439457533122223
"GP07421U","윤건영","더불어민주당","liberal",21,-0.471654742956161,-0.437574322106646
"JMY9959W","윤관석","무소속","independent",21,-0.305899977684021,-0.290035779610154
"7JC3239L","윤두현","국민의힘","conservative",21,0.898567318916321,0.782062202811908
"MSY7784L","윤상현","국민의힘","conservative",21,0.259841531515121,0.213531508847382
"KFS1358P","윤영덕","더불어민주당","liberal",21,-0.438060820102692,-0.407672325585442
"XWX1513T","윤영찬","더불어민주당","liberal",21,-0.356947034597397,-0.335472834547125
"SE233396","윤재갑","더불어민주당","liberal",21,-0.475728183984756,-0.441200097518397
"ZRF3039U","윤재옥","국민의힘","conservative",21,0.539865374565125,0.46278111322547
"ZDP5704Q","윤주경","국민의힘","conservative",21,0.71465653181076,0.618362960534392
"JC14718Q","윤준병","더불어민주당","liberal",21,-0.531358361244202,-0.490716594122308
"M0A1658U","윤호중","더불어민주당","liberal",21,-0.313669770956039,-0.296951683191994
"I7R13867","이개호","더불어민주당","liberal",21,-0.326241701841354,-0.308141976008859
"RO593601","이동주","더불어민주당","liberal",21,-0.370377331972122,-0.347427160546189
"OSV9142K","이만희","국민의힘","conservative",21,0.477114081382751,0.406926101632307
"6YT83269","이명수","국민의힘","conservative",21,0.320862591266632,0.267846437305384
"CFE3998F","이상직","무소속","independent",21,-0.199542179703712,-0.195366558659627
"WVU2479T","이상헌","무소속","independent",21,-0.370951741933823,-0.347938443636033
"8KF7223D","이성만","무소속","independent",21,-0.397319555282593,-0.371408470237741
"WTR5885Y","이소영","더불어민주당","liberal",21,-0.534807145595551,-0.493786361774221
"D4L60530","이수진","무소속","independent",21,-0.330652832984924,-0.31206832985223
"9JF4562W","이용선","더불어민주당","liberal",21,-0.404330730438232,-0.377649126800178
"G7512472","이용우","더불어민주당","liberal",21,-0.510775685310364,-0.472395926218914
"16D7652C","이원욱","개혁신당","centrist",21,-0.340977072715759,-0.321257949708835
"W1Q6753M","이은주","정의당","progressive",21,-0.906887173652649,-0.824975301901934
"7I09543O","이장섭","더불어민주당","liberal",21,-0.33225816488266,-0.31349723796251
"UQ282145","이재정","더불어민주당","liberal",21,-0.526799321174622,-0.486658586342293
"O0I2045I","이정문","더불어민주당","liberal",21,-0.31153678894043,-0.295053112992594
"HSW1214Q","이종배","국민의힘","conservative",21,0.394319921731949,0.333230907276683
"3RW63706","이주환","국민의힘","conservative",21,0.385522097349167,0.325399951801921
"WDS6044S","이채익","국민의힘","conservative",21,0.388777315616608,0.328297426018712
"TZP9391O","이철규","국민의힘","conservative",21,0.591255724430084,0.508523733686562
"CCU1009B","이해식","더불어민주당","liberal",21,-0.438309252262115,-0.407893455389164
"EVH1507C","이헌승","국민의힘","conservative",21,0.475816607475281,0.405771218338779
"IOW8224X","이형석","더불어민주당","liberal",21,-0.404362738132477,-0.377677616892452
"4T026790","임오경","더불어민주당","liberal",21,-0.321515291929245,-0.30393499210388
"EH27538E","임이자","국민의힘","conservative",21,0.419446766376495,0.355596345943292
"E6U4345C","임종성","더불어민주당","liberal",21,-0.596087753772736,-0.548332314639686
"RPN2293B","장경태","더불어민주당","liberal",21,-0.336561679840088,-0.317327802491912
"CZB4125D","장제원","국민의힘","conservative",21,0.442932367324829,0.376500911358847
"2NV6751W","장철민","더불어민주당","liberal",21,-0.547926723957062,-0.505464116356105
"GAV6441G","장혜영","정의당","progressive",21,-0.981572210788727,-0.891452555254272
"TJW93720","전용기","더불어민주당","liberal",21,-0.400448381900787,-0.374193443075263
"9YO73104","전재수","더불어민주당","liberal",21,-0.337778300046921,-0.318410717796297
"71J2365L","전주혜","국민의힘","conservative",21,0.59939831495285,0.515771464609425
"N9X9673B","전혜숙","무소속","independent",21,-0.363492429256439,-0.34129889925467
"USR7059P","정경희","국민의힘","conservative",21,0.909021615982056,0.791367586879579
"DAY6557K","정동만","국민의힘","conservative",21,0.408725708723068,0.346053517912915
"V429892C","정성호","더불어민주당","liberal",21,-0.301107436418533,-0.285769932097394
"NZF1659U","정운천","국민의힘","conservative",21,0.334246039390564,0.27975906272246
"SBK1544B","정찬민","국민의힘","conservative",21,0.40480637550354,0.342564914072067
"2385336L","정청래","더불어민주당","liberal",21,-0.304816395044327,-0.289071281225613
"MD083627","정춘숙","더불어민주당","liberal",21,-0.359085887670517,-0.337376630582818
"UHB5553T","정태호","더불어민주당","liberal",21,-0.358913153409958,-0.337222879582053
"3425169D","정필모","더불어민주당","liberal",21,-0.556045055389404,-0.512690254229515
"PFG2137X","정희용","국민의힘","conservative",21,0.407099902629852,0.34460638569333
"5KV82250","조경태","국민의힘","conservative",21,0.610780537128448,0.525902796082169
"S741317G","조명희","국민의힘","conservative",21,0.582381844520569,0.500625081083789
"FYI20317","조승래","더불어민주당","liberal",21,-0.380341559648514,-0.356296333182428
"25I8709Q","조오섭","더불어민주당","liberal",21,-0.478343427181244,-0.443527929052231
"IN328264","조정식","더불어민주당","liberal",21,-0.312092065811157,-0.295547365692084
"T465023H","주철현","더불어민주당","liberal",21,-0.281942963600159,-0.268711608720118
"8SV6917G","주호영","국민의힘","conservative",21,0.62462717294693,0.538227705497499
"68P7228G","진선미","더불어민주당","liberal",21,-0.361408680677414,-0.33944415180428
"ICH23251","최강욱","더불어민주당","liberal",21,-0.669494569301605,-0.613671821197201
"I5I2468R","최기상","더불어민주당","liberal",21,-0.414429843425751,-0.386638361035703
"M7T9712V","최승재","국민의힘","conservative",21,0.672292113304138,0.580654333877919
"LPB30152","최인호","더불어민주당","liberal",21,-0.354606091976166,-0.333389158329206
"Z7Y7827F","최종윤","더불어민주당","liberal",21,-0.333599328994751,-0.314691009966722
"3DK8989T","최춘식","국민의힘","conservative",21,0.467327862977982,0.398215375291369
"A0P4646G","최형두","국민의힘","conservative",21,0.406640827655792,0.344197762433189
"QD25323M","최혜영","더불어민주당","liberal",21,-0.546259045600891,-0.503979713578191
"XJC13432","태영호","국민의힘","conservative",21,0.366808772087097,0.308743195479437
"I0S53762","하태경","국민의힘","conservative",21,0.386856734752655,0.326587914373909
"JQA21112","한기호","국민의힘","conservative",21,0.921365439891815,0.802354841366587
"UB114374","한무경","국민의힘","conservative",21,0.819664120674133,0.711830358509567
"XPP2564T","한정애","더불어민주당","liberal",21,-0.393269121646881,-0.367803173737755
"FU53642G","허영","더불어민주당","liberal",21,-0.452255040407181,-0.420306620425534
"66W6739S","허은아","국민의힘","conservative",21,0.570058166980743,0.48965575890812
"VCP96419","허종식","더불어민주당","liberal",21,-0.376380652189255,-0.352770724054129
"5MD4184K","홍기원","더불어민주당","liberal",21,-0.320744901895523,-0.303249266884803
"EMC8812P","홍석준","국민의힘","conservative",21,0.637885630130768,0.550029076308432
"2N793392","홍성국","더불어민주당","liberal",21,-0.305996686220169,-0.290121860009996
"KR14136C","홍영표","새로운미래","centrist",21,-0.48860839009285,-0.452664786531244
"FRN1867O","홍익표","더불어민주당","liberal",21,-0.505510151386261,-0.467709067296019
"XA42275R","홍정민","더불어민주당","liberal",21,-0.317838251590729,-0.300662053486671
"NAL4555X","홍준표","국민의힘","conservative",21,0.565678119659424,0.485757072817303
"0YT3774N","황운하","조국혁신당","rebuilding",21,-0.48793414235115,-0.452064637697342
"5K93695T","김승수","국민의힘","conservative",21,0.656577706336975,0.566666918817329
"NCP9875N","류호정","정의당","progressive",21,-0.986064255237579,-0.89545093014096
"6U243644","박형수","국민의힘","conservative",21,0.382200628519058,0.322443507868999
"4X525582","배현진","국민의힘","conservative",21,0.60261470079422,0.518634374030839
"40E3739H","윤창현","국민의힘","conservative",21,0.385047107934952,0.324977163076906
"AE685067","이규민","더불어민주당","liberal",21,-0.424696296453476,-0.395776544869106
"0767470D","이낙연","더불어민주당","liberal",21,-0.688696384429932,-0.630763383015463
"ZYH1940A","이상민","국민의힘","conservative",21,-0.507781207561493,-0.469730537493098
"5UN9725L","이용","국민의힘","conservative",21,0.376015782356262,0.316938367869399
"UM51067K","인재근","더불어민주당","liberal",21,-0.40055701136589,-0.374290134310216
"FH777496","임호선","더불어민주당","liberal",21,-0.454439997673035,-0.42225145386602
"3C23171A","진성준","더불어민주당","liberal",21,-0.596075177192688,-0.548321120208644
"H5476989","한병도","더불어민주당","liberal",21,-0.337380588054657,-0.318056713809892
"BCQ55105","한준호","더불어민주당","liberal",21,-0.502839803695679,-0.465332187176884
"J9S37905","황보승희","자유통일당","independent",21,0.505653142929077,0.432328759214124
"3BC6890E","김미애","국민의힘","conservative",21,0.730980277061462,0.632892748431702
"6AR6743G","김희국","국민의힘","conservative",21,0.347571521997452,0.291620092953806
"8X15119P","윤한홍","국민의힘","conservative",21,0.803493022918701,0.697436442355859
"Z6R3959C","조해진","국민의힘","conservative",21,0.37853679060936,0.319182320751677
"FGI27280","하영제","무소속","independent",21,0.463116079568863,0.39446646113815
"6V37131U","고용진","더불어민주당","liberal",21,-0.383498758077621,-0.359106559807515
"LG63087O","권영세","국민의힘","conservative",21,0.274422883987427,0.226510390557718
"YKW37422","권은희","국민의힘","conservative",21,0.13612987101078,0.103415591210478
"LH97552Q","김도읍","국민의힘","conservative",21,0.415041238069534,0.351674979192424
"KB04377U","김병욱","국민의힘","conservative",21,0.200398817658424,0.160621468221677
"D0C85236","박완수","국민의힘","conservative",21,0.412028819322586,0.348993621159766
"MO52543L","변재일","더불어민주당","liberal",21,-0.332685738801956,-0.313877822090869
"CT85313K","서병수","국민의힘","conservative",21,0.49904277920723,0.426444865455222
"7XY7109I","성일종","국민의힘","conservative",21,0.485177040100098,0.414102952176625
"IUL4848V","윤희숙","국민의힘","conservative",21,0.66111958026886,0.570709646994784
"DBA1057Z","이용호","국민의힘","conservative",21,0.270487934350967,0.223007886522873
"QTW6852F","이태규","국민의힘","conservative",21,0.42357262969017,0.359268782502445
"LJK4960Z","정점식","국민의힘","conservative",21,0.534585654735565,0.458081627408793
"YLS4431M","조수진","국민의힘","conservative",21,0.535423636436462,0.458827516062951
"Y7K5946R","지성호","국민의힘","conservative",21,0.503463625907898,0.430379867129208
"8VJ8533R","최연숙","국민의힘","conservative",21,0.459125071763992,0.390914059651194
"GD131760","홍문표","국민의힘","conservative",21,0.23878039419651,0.194784961813246
"KNM3215T","윤미향","무소속","independent",21,-0.785376965999603,-0.716818900448602
"TVF3669B","김태흠","국민의힘","conservative",21,0.804993450641632,0.698771975117159
"9VR65006","윤영석","국민의힘","conservative",21,0.320895940065384,0.267876121116608
"QUM8288K","이달곤","국민의힘","conservative",21,0.474750310182571,0.40482210566515
"S9U45255","이양수","국민의힘","conservative",21,0.416467696428299,0.352944671721858
"L5P27909","김은혜","국민의힘","conservative",21,0.780278623104095,0.676773273439089
"6EN68926","송언석","국민의힘","conservative",21,0.625264644622803,0.538795119905083
"9S151177","이탄희","더불어민주당","liberal",21,-0.635329902172089,-0.583261804417949
"FIC9046Z","김의겸","더불어민주당","liberal",21,-0.563970029354095,-0.519744284357418
"F5U2979W","김학용","국민의힘","conservative",21,0.411398410797119,0.348432493671985
"NLR6572J","임병헌","국민의힘","conservative",21,0.259087443351746,0.212860293945321
"VHK3402G","정우택","국민의힘","conservative",21,0.50332248210907,0.430254234841488
"6RM29022","최재형","국민의힘","conservative",21,0.623209536075592,0.536965864986048
"MQU41854","조은희","국민의힘","conservative",21,0.486001789569855,0.41483706280381
"JVB6983V","노용호","국민의힘","conservative",21,0.494122922420502,0.422065694223471
"LBC8144B","김영선","국민의힘","conservative",21,0.467443078756332,0.398317929012721
"KFM1081G","장동혁","국민의힘","conservative",21,0.503144919872284,0.430096186452504
"NUB4941Z","김한규","더불어민주당","liberal",21,-0.417082458734512,-0.388999457537611
"6RD62559","박정하","국민의힘","conservative",21,0.4378821849823,0.37200573717224
"DWK26447","이인선","국민의힘","conservative",21,0.603225409984589,0.519177967113598
"IUD9392R","이재명","더불어민주당","liberal",21,-0.332013547420502,-0.313279503626024
"YTA7297R","최영희","국민의힘","conservative",21,0.346359968185425,0.290541687254344
"YOG1280B","안철수","국민의힘","conservative",21,0.33636486530304,0.281645032555165
"6FS10566","강성희","진보당","progressive",21,-0.797584295272827,-0.727684660873584
"NCO99988","허숙정","더불어민주당","liberal",21,-0.494319289922714,-0.457748066253901
"F0I5053J","우신구","국민의힘","conservative",21,1,0.872347570499692
"86R9476S","김문수","더불어민주당","liberal",22,-0.490708321332932,-0.357830031265755
"8Q88373R","김병기","무소속","independent",22,-0.479836225509644,-0.350754339577594
"XSP20229","김성환","더불어민주당","liberal",22,-0.596818149089813,-0.426887592797116
"88O1334C","김성회","더불어민주당","liberal",22,-0.486444652080536,-0.355055183657658
"ATB59635","김승원","더불어민주당","liberal",22,-0.487455397844315,-0.355712989246926
"8O34202I","김영환","더불어민주당","liberal",22,-0.544489085674286,-0.392831204307107
"DMP1439I","김재원","조국혁신당","rebuilding",22,-0.682398557662964,-0.482584359589164
"8A05621B","김준형","조국혁신당","rebuilding",22,-0.768035113811493,-0.538317667903552
"NUB4941Z","김한규","더불어민주당","liberal",22,-0.49011442065239,-0.357443513507154
"RUZ25800","노종면","더불어민주당","liberal",22,-0.582021236419678,-0.417257582751927
"D9I3309M","문대림","더불어민주당","liberal",22,-0.517543971538544,-0.375294997560434
"7R156073","박범계","더불어민주당","liberal",22,-0.52694845199585,-0.381415547386779
"5TQ6306B","박수현","더불어민주당","liberal",22,-0.52745658159256,-0.381746244284818
"4019850M","박정","더불어민주당","liberal",22,-0.473422348499298,-0.346580110708696
"8BF5855P","박지원","더불어민주당","liberal",22,-0.491422116756439,-0.358294577975722
"MDC3257K","백승아","더불어민주당","liberal",22,-0.486182123422623,-0.35488432682629
"HSS7466Y","백혜련","더불어민주당","liberal",22,-0.501871287822723,-0.365095025107867
"GJ56729D","복기왕","더불어민주당","liberal",22,-0.530502140522003,-0.383728330936107
"6I88973D","부승찬","더불어민주당","liberal",22,-0.538730382919312,-0.3890833707817
"TKJ4800F","서영교","더불어민주당","liberal",22,-0.489006757736206,-0.356722633060853
"ZDR63255","소병훈","더불어민주당","liberal",22,-0.518518269062042,-0.37592908219332
"JSA8739I","손명수","더불어민주당","liberal",22,-0.507042169570923,-0.368460297600023
"RG972910","송재봉","더불어민주당","liberal",22,-0.516708433628082,-0.374751219364924
"M7O7878U","신정훈","더불어민주당","liberal",22,-0.473091691732407,-0.346364915278564
"YOG1280B","안철수","국민의힘","conservative",22,0.617605745792389,0.363474191957965
"XEF29171","안호영","더불어민주당","liberal",22,-0.512572824954987,-0.372059715133419
"XBT9550Q","우원식","무소속","independent",22,-0.484795689582825,-0.35398201888531
"M0A1658U","윤호중","더불어민주당","liberal",22,-0.487688958644867,-0.355864993445749
"I7R13867","이개호","더불어민주당","liberal",22,-0.471731930971146,-0.345479966500268
"95J3282H","이광희","더불어민주당","liberal",22,-0.621957957744598,-0.443248884863693
"W8W95421","이상식","더불어민주당","liberal",22,-0.47792774438858,-0.349512276940839
"N2P9317N","이성윤","더불어민주당","liberal",22,-0.498588353395462,-0.362958451606556
"JG77046J","이언주","더불어민주당","liberal",22,-0.485975801944733,-0.354750050308687
"3LP22204","이재강","더불어민주당","liberal",22,-0.51502388715744,-0.373654896111857
"RKS3658I","이재관","더불어민주당","liberal",22,-0.479266375303268,-0.350383474158977
"QWL7778X","이준석","개혁신당","centrist",22,0.21641930937767,0.102377198362475
"2NV6751W","장철민","더불어민주당","liberal",22,-0.513826668262482,-0.372875731549508
"9YO73104","전재수","더불어민주당","liberal",22,-0.528246641159058,-0.382260424623061
"P8A4624C","전종덕","진보당","progressive",22,-0.990982234477997,-0.683414355261698
"UHB5553T","정태호","더불어민주당","liberal",22,-0.478600025177002,-0.349949805423301
"BCQ55105","한준호","더불어민주당","liberal",22,-0.555215537548065,-0.399812109148305
"FU53642G","허영","더불어민주당","liberal",22,-0.489027231931686,-0.356735957915337
"5MD4184K","홍기원","더불어민주당","liberal",22,-0.490552753210068,-0.357728785646531
"0YT3774N","황운하","조국혁신당","rebuilding",22,-0.595686435699463,-0.426151060010831
"T6A6557F","황정아","더불어민주당","liberal",22,-0.563990950584412,-0.405523254275306
"8P37634C","강득구","더불어민주당","liberal",22,-0.485606402158737,-0.354509640452312
"MNZ4401T","강선우","무소속","independent",22,-0.509717643260956,-0.370201528293549
"Q129715Y","강유정","더불어민주당","liberal",22,-0.545875310897827,-0.393733376478099
"5KV96424","강준현","더불어민주당","liberal",22,-0.48273628950119,-0.352641736360481
"TRE2429O","강훈식","더불어민주당","liberal",22,-0.48933482170105,-0.356936141063998
"WCD5518S","고민정","더불어민주당","liberal",22,-0.497667998075485,-0.362359473213285
"FIE6569O","곽상언","더불어민주당","liberal",22,-0.553386211395264,-0.398621561523937
"C7E79345","권칠승","더불어민주당","liberal",22,-0.48992308974266,-0.357318993032936
"EFU76868","권향엽","더불어민주당","liberal",22,-0.565653204917908,-0.406605069535427
"X1K3667J","김교흥","더불어민주당","liberal",22,-0.505117535591125,-0.367207722487096
"3CC88975","김기표","더불어민주당","liberal",22,-0.475883483886719,-0.348181847437958
"IUX1829H","김남근","더불어민주당","liberal",22,-0.549935936927795,-0.396376081096967
"NXB3178C","김남희","더불어민주당","liberal",22,-0.492523372173309,-0.359011288343837
"MIS62075","김동아","더불어민주당","liberal",22,-0.593005836009979,-0.424406493254756
"MLH1404S","김민석","더불어민주당","liberal",22,-0.493402779102325,-0.359583617028139
"GF286398","김병주","더불어민주당","liberal",22,-0.475690573453903,-0.348056298990978
"7GW5372Y","김선민","조국혁신당","rebuilding",22,-0.623504757881165,-0.444255561133608
"B7D7534L","김영배","더불어민주당","liberal",22,-0.51743072271347,-0.375221293852953
"5765663F","김영진","더불어민주당","liberal",22,-0.484710425138474,-0.353926527751862
"7BM2933Y","김영호","더불어민주당","liberal",22,-0.484488099813461,-0.35378183573665
"NB64509Z","김용만","더불어민주당","liberal",22,-0.491980850696564,-0.358658208793578
"OFE45081","김용민","더불어민주당","liberal",22,-0.488929003477097,-0.356672029646953
"3UI95829","김우영","더불어민주당","liberal",22,-0.525471150875092,-0.380454101918402
"4L695580","김원이","더불어민주당","liberal",22,-0.644435405731201,-0.457877480350241
"5N65159P","김윤","더불어민주당","liberal",22,-0.49859619140625,-0.362963552678942
"JZY9937U","김윤덕","더불어민주당","liberal",22,-0.509036540985107,-0.369758258680188
"57B28032","김재섭","국민의힘","conservative",22,0.620993614196777,0.36567905776297
"9LD2641Q","김정호","더불어민주당","liberal",22,-0.528770089149475,-0.382601090917323
"D6U6678O","김주영","더불어민주당","liberal",22,-0.485217213630676,-0.35425635184284
"YM42715P","김준혁","더불어민주당","liberal",22,-0.488222926855087,-0.356212506426522
"1WE5693J","김태년","더불어민주당","liberal",22,-0.477917343378067,-0.349505507837178
"6WK3815W","김태선","더불어민주당","liberal",22,-0.523624181747437,-0.379252072032237
"7YL9580G","김현","더불어민주당","liberal",22,-0.480315744876862,-0.351066416591638
"6VC83722","김현정","더불어민주당","liberal",22,-0.471688747406006,-0.345451862112862
"04T3751T","남인순","더불어민주당","liberal",22,-0.524868309497833,-0.380061765446053
"FJK3396E","맹성규","더불어민주당","liberal",22,-0.482843309640884,-0.352711386364051
"J1G57517","모경종","더불어민주당","liberal",22,-0.497677683830261,-0.362365776819846
"GRP3908I","문금주","더불어민주당","liberal",22,-0.558344423770905,-0.401848426211729
"GOC54665","문정복","더불어민주당","liberal",22,-0.487337231636047,-0.355636085246883
"4U29186R","문진석","더불어민주당","liberal",22,-0.491895020008087,-0.358602349141593
"TZ228122","민병덕","더불어민주당","liberal",22,-0.515554547309875,-0.374000256168543
"VRY5522V","민형배","더불어민주당","liberal",22,-0.634423196315765,-0.451361413154698
"O6D8329R","민홍철","더불어민주당","liberal",22,-0.484125256538391,-0.353545692937023
"IWR8966I","박균택","더불어민주당","liberal",22,-0.475524693727493,-0.34794834245523
"M4O5221T","박민규","더불어민주당","liberal",22,-0.477556228637695,-0.349270489988877
"HXT76735","박상혁","더불어민주당","liberal",22,-0.477468937635422,-0.349213679946979
"VZA76236","박선원","더불어민주당","liberal",22,-0.526983261108398,-0.381438201578973
"IL74008M","박성준","더불어민주당","liberal",22,-0.480741709470749,-0.351343639510329
"1JI2689F","박용갑","더불어민주당","liberal",22,-0.478783667087555,-0.350069321803695
"1A82234K","박은정","조국혁신당","rebuilding",22,-0.510118067264557,-0.370462129086631
"HVV5250J","박정현","더불어민주당","liberal",22,-0.559805572032928,-0.402799359203934
"6AU2417B","박주민","더불어민주당","liberal",22,-0.49072128534317,-0.35783846840069
"EMH4976E","박지혜","더불어민주당","liberal",22,-0.563885450363159,-0.405454593453074
"BT62420K","박찬대","더불어민주당","liberal",22,-0.504991233348846,-0.367125523457543
"E2B3753X","박해철","더불어민주당","liberal",22,-0.52342826128006,-0.379124564618295
"S824682L","박홍근","더불어민주당","liberal",22,-0.484389692544937,-0.353717791093991
"ZW43496R","박홍배","더불어민주당","liberal",22,-0.592411816120148,-0.424019897913306
"43Q3892U","박희승","더불어민주당","liberal",22,-0.510460913181305,-0.370685257363174
"51A45980","서미화","더불어민주당","liberal",22,-0.514141857624054,-0.373080860604855
"FOK3459D","서삼석","더불어민주당","liberal",22,-0.504680812358856,-0.366923497716195
"XR24352K","서영석","더불어민주당","liberal",22,-0.494439601898193,-0.36025839386584
"80C5885Z","서왕진","조국혁신당","rebuilding",22,-0.676187038421631,-0.478541827608107
"SQ36001H","송기헌","더불어민주당","liberal",22,-0.482551604509354,-0.35252154113015
"3249208I","송옥주","더불어민주당","liberal",22,-0.557559788227081,-0.401337775893161
"AFH96856","신영대","더불어민주당","liberal",22,-0.537293672561646,-0.388148342273741
"NPD75153","신장식","조국혁신당","rebuilding",22,-0.73930823802948,-0.519621869089653
"TST4507I","안규백","더불어민주당","liberal",22,-0.493837654590607,-0.359866639264866
"EB16073M","안도걸","더불어민주당","liberal",22,-0.480206221342087,-0.350995137348219
"W8L9421K","안태준","더불어민주당","liberal",22,-0.517136693000793,-0.375029935753477
"3OQ8273H","양문석","더불어민주당","liberal",22,-0.613038420677185,-0.437443942071066
"CK143054","양부남","더불어민주당","liberal",22,-0.506313800811768,-0.367986266386645
"8FB1535Y","어기구","더불어민주당","liberal",22,-0.503938019275665,-0.36644007897797
"URX8075K","염태영","더불어민주당","liberal",22,-0.522399663925171,-0.378455140997243
"OIA3741M","오기형","더불어민주당","liberal",22,-0.482995301485062,-0.352810304497775
"BRU2690F","오세희","더불어민주당","liberal",22,-0.522304952144623,-0.378393501422934
"GE71932C","용혜인","기본소득당","progressive",22,-1,-0.689283226322708
"RQQ3807K","위성곤","더불어민주당","liberal",22,-0.580250799655914,-0.416105361055449
"T9E37304","위성락","더불어민주당","liberal",22,-0.485940992832184,-0.354727396116493
"GX38539O","유동수","더불어민주당","liberal",22,-0.541439950466156,-0.390846790170319
"GP07421U","윤건영","더불어민주당","liberal",22,-0.495896607637405,-0.361206630854008
"MQK9493H","윤종군","더불어민주당","liberal",22,-0.507001042366028,-0.36843353151678
"3TP65086","윤종오","진보당","progressive",22,-0.96761429309845,-0.668206215885798
"JC14718Q","윤준병","더불어민주당","liberal",22,-0.581584334373474,-0.41697324160675
"O7R5461J","윤후덕","더불어민주당","liberal",22,-0.529404997825623,-0.383014297176316
"AEO5706C","이강일","더불어민주당","liberal",22,-0.502645313739777,-0.365598770552787
"7YC6702R","이건태","더불어민주당","liberal",22,-0.480656266212463,-0.351288032002606
"W3U3344O","이기헌","더불어민주당","liberal",22,-0.55646550655365,-0.40062560412177
"HFV52269","이병진","더불어민주당","liberal",22,-0.4822998046875,-0.35235766675528
"WTR5885Y","이소영","더불어민주당","liberal",22,-0.541158497333527,-0.390663617061517
"0R68099X","이수진","더불어민주당","liberal",22,-0.591532528400421,-0.423447646811854
"EBH1101V","이연희","더불어민주당","liberal",22,-0.554390907287598,-0.399275429783569
"9JF4562W","이용선","더불어민주당","liberal",22,-0.494949370622635,-0.360590157528067
"6K79158C","이용우","더불어민주당","liberal",22,-0.598536193370819,-0.428005716831027
"DAV7257X","이원택","더불어민주당","liberal",22,-0.489355623722076,-0.356949679271319
"3ZR4438W","이인영","더불어민주당","liberal",22,-0.502274394035339,-0.365357371515074
"IUD9392R","이재명","더불어민주당","liberal",22,-0.50250369310379,-0.36550660212701
"O0I2045I","이정문","더불어민주당","liberal",22,-0.481235861778259,-0.351665239819208
"5762459L","이정헌","더불어민주당","liberal",22,-0.488383144140244,-0.356316777776895
"WI719547","이주영","개혁신당","centrist",22,0.189947187900543,0.0851488209688099
"V2R7430Z","이춘석","무소속","independent",22,-0.532565116882324,-0.385070940946435
"K5F2023J","이학영","더불어민주당","liberal",22,-0.472915351390839,-0.346250150847731
"0698755I","이해민","조국혁신당","rebuilding",22,-0.654057800769806,-0.46413985162635
"CCU1009B","이해식","더불어민주당","liberal",22,-0.505069315433502,-0.36717634022428
"2S73768V","이훈기","더불어민주당","liberal",22,-0.533407092094421,-0.385618908615844
"CST4991F","임광현","더불어민주당","liberal",22,-0.497575044631958,-0.362298977986013
"4T026790","임오경","더불어민주당","liberal",22,-0.508085668087006,-0.369139419077323
"FH777496","임호선","더불어민주당","liberal",22,-0.590766787528992,-0.422949293375008
"RPN2293B","장경태","더불어민주당","liberal",22,-0.496457308530807,-0.361571541788889
"CIZ8557P","장종태","더불어민주당","liberal",22,-0.500947713851929,-0.364493951977647
"TJW93720","전용기","더불어민주당","liberal",22,-0.553012788295746,-0.398378533246375
"QUR40502","전진숙","더불어민주당","liberal",22,-0.540711581707001,-0.390372758956942
"25G2571T","전현희","더불어민주당","liberal",22,-0.478177726268768,-0.349674968177247
"ARP89147","정동영","더불어민주당","liberal",22,-0.526244401931763,-0.380957343074797
"V429892C","정성호","더불어민주당","liberal",22,-0.481988489627838,-0.352155059142557
"NA61091D","정을호","더불어민주당","liberal",22,-0.481470316648483,-0.351817825889407
"LT72093S","정일영","더불어민주당","liberal",22,-0.490943759679794,-0.357983257394465
"IC499858","정준호","더불어민주당","liberal",22,-0.484870821237564,-0.35403091547651
"9HE7226N","정진욱","더불어민주당","liberal",22,-0.509599328041077,-0.370124527314943
"2385336L","정청래","더불어민주당","liberal",22,-0.486313968896866,-0.354970133458368
"XG348314","정춘생","조국혁신당","rebuilding",22,-0.638296127319336,-0.453881963576273
"BNV6535N","정혜경","진보당","progressive",22,-0.964853286743164,-0.666409319497412
"8TU8443O","조계원","더불어민주당","liberal",22,-0.537381589412689,-0.388205559625601
"T3E4932G","조국","조국혁신당","rebuilding",22,-0.604163646697998,-0.431668131638607
"FYI20317","조승래","더불어민주당","liberal",22,-0.500752627849579,-0.364366987643655
"ZKB18611","조인철","더불어민주당","liberal",22,-0.492127686738968,-0.358753771469041
"IN328264","조정식","더불어민주당","liberal",22,-0.477544397115707,-0.349262789891016
"T465023H","주철현","더불어민주당","liberal",22,-0.4742351770401,-0.347109109371284
"68P7228G","진선미","더불어민주당","liberal",22,-0.488717585802078,-0.356534436462514
"3C23171A","진성준","더불어민주당","liberal",22,-0.633051633834839,-0.450468783674254
"KNP22261","차규근","조국혁신당","rebuilding",22,-0.608473420143127,-0.434472984413933
"RC885085","차지호","더불어민주당","liberal",22,-0.565402507781982,-0.406441912801919
"1S05899F","채현일","더불어민주당","liberal",22,-0.479504197835922,-0.350538251944687
"A494529E","천준호","더불어민주당","liberal",22,-0.496995389461517,-0.361921731377986
"YGB8604T","천하람","개혁신당","centrist",22,0.244486510753632,0.120643673080297
"I5I2468R","최기상","더불어민주당","liberal",22,-0.517113029956818,-0.375014535557756
"YS38221N","최민희","더불어민주당","liberal",22,-0.481196016073227,-0.351639307751603
"URV1689Q","추미애","더불어민주당","liberal",22,-0.539585649967194,-0.389639988938881
"8JG4358H","한민수","더불어민주당","liberal",22,-0.478764563798904,-0.350056889151986
"H5476989","한병도","더불어민주당","liberal",22,-0.487329870462418,-0.355631294505897
"XPP2564T","한정애","더불어민주당","liberal",22,-0.53028392791748,-0.383586315529218
"T4I4862D","한창민","사회민주당","progressive",22,-0.907455027103424,-0.62905383668628
"HHB5652A","허성무","더불어민주당","liberal",22,-0.522781848907471,-0.378703871614279
"VCP96419","허종식","더불어민주당","liberal",22,-0.483479529619217,-0.353125446034394
"RJH6314D","황명선","더불어민주당","liberal",22,-0.502268373966217,-0.36535345358115
"0VU8517U","황희","더불어민주당","liberal",22,-0.489822715520859,-0.357253668273253
"T2T8225E","강경숙","조국혁신당","rebuilding",22,-0.633184671401978,-0.450555366134831
"NQO7187X","강선영","국민의힘","conservative",22,0.791548550128937,0.476678276512043
"7469929V","구자근","국민의힘","conservative",22,0.738033831119537,0.441850248996133
"LG63087O","권영세","국민의힘","conservative",22,0.762517809867859,0.457784719013545
"HE08888N","김기웅","국민의힘","conservative",22,0.647871255874634,0.383171352616555
"5K93695T","김승수","국민의힘","conservative",22,0.844950556755066,0.511432949443296
"HRG9655C","김희정","국민의힘","conservative",22,0.831981897354126,0.502992788776825
"OSV9142K","이만희","국민의힘","conservative",22,0.713890016078949,0.426137161641139
"PFG2137X","정희용","국민의힘","conservative",22,0.681235551834106,0.40488524066895
"L2I9861C","강대식","국민의힘","conservative",22,0.82985931634903,0.501611387341507
"9901388T","강명구","국민의힘","conservative",22,0.594178795814514,0.348227649071325
"GX22581L","강민국","국민의힘","conservative",22,0.806283354759216,0.486267865892392
"42K7317Y","강승규","국민의힘","conservative",22,0.718427896499634,0.429090469199902
"HS39431V","고동진","국민의힘","conservative",22,0.769653379917145,0.462428634456221
"REG96285","곽규택","국민의힘","conservative",22,0.721800982952118,0.43128571473151
"LYY5513O","권영진","국민의힘","conservative",22,0.537746787071228,0.311501014050706
"ANS8383S","김대식","국민의힘","conservative",22,0.677875399589539,0.402698412876564
"LH97552Q","김도읍","국민의힘","conservative",22,0.728027582168579,0.435338060943089
"3BC6890E","김미애","국민의힘","conservative",22,0.623316466808319,0.367190798386255
"TCP9838Y","김민전","국민의힘","conservative",22,0.994250893592834,0.608599417580914
"VDN5593C","김상욱","더불어민주당","liberal",22,-0.369198471307755,-0.278749948655443
"1Y73132H","김상훈","국민의힘","conservative",22,0.622776389122009,0.366839309284421
"JNL7001A","김선교","국민의힘","conservative",22,0.961567580699921,0.58732872155903
"9D939735","김성원","국민의힘","conservative",22,0.785335421562195,0.472634697162511
"CNZ51556","김예지","국민의힘","conservative",22,0.453290194272995,0.256535640181132
"EPI69383","김용태","국민의힘","conservative",22,0.676326274871826,0.401690223741075
"LCZ1711I","김위상","국민의힘","conservative",22,0.601885557174683,0.35324330273968
"L5P27909","김은혜","국민의힘","conservative",22,0.764736473560333,0.459228652225947
"E1J8836Y","김정재","국민의힘","conservative",22,0.747385203838348,0.447936235662812
"N378078V","김종양","국민의힘","conservative",22,0.601884722709656,0.353242759659731
"JEZ3130Q","김형동","국민의힘","conservative",22,0.607162177562714,0.356677391219769
"SLW27496","나경원","국민의힘","conservative",22,0.935865640640259,0.570601587563373
"W4X85128","박대출","국민의힘","conservative",22,1,0.612341005686899
"N4R2421C","박덕흠","국민의힘","conservative",22,0.664599478244781,0.39405828241427
"VA04150X","박상웅","국민의힘","conservative",22,0.666424810886383,0.395246231013163
"X3170462","박성민","국민의힘","conservative",22,0.743463218212128,0.445383759898471
"NX534083","박성훈","국민의힘","conservative",22,0.903730511665344,0.549687656277121
"Y0X4618N","박수민","국민의힘","conservative",22,0.720795214176178,0.430631148226229
"6RD62559","박정하","국민의힘","conservative",22,0.698513746261597,0.416130098945047
"G6W8250J","박준태","국민의힘","conservative",22,0.740246117115021,0.443290031526061
"6U243644","박형수","국민의힘","conservative",22,0.658269643783569,0.389938749454608
"QQP4727N","배준영","국민의힘","conservative",22,0.63523930311203,0.374950324709852
"4X525582","배현진","국민의힘","conservative",22,0.664348721504211,0.393895086889337
"CAA7713A","백종헌","국민의힘","conservative",22,0.62957239151001,0.371262229978929
"QQ429063","서명옥","국민의힘","conservative",22,0.729914546012878,0.436566119875422
"L7J93733","서범수","국민의힘","conservative",22,0.581579983234406,0.340028189196917
"MR210505","서일준","국민의힘","conservative",22,0.679572999477386,0.403803231451704
"P7U7800Z","서지영","국민의힘","conservative",22,0.91167414188385,0.554857467068387
"JP222486","서천호","국민의힘","conservative",22,0.785777926445007,0.472922684701637
"PYA8594I","안상훈","국민의힘","conservative",22,0.687632977962494,0.40904876310455
"JZV5283U","유영하","국민의힘","conservative",22,0.749008476734161,0.448992681330989
"KBK8836C","유용원","국민의힘","conservative",22,0.672460973262787,0.399174638621899
"ZRF3039U","윤재옥","국민의힘","conservative",22,0.748414635658264,0.448606202363814
"ROS6754L","이달희","국민의힘","conservative",22,0.694580435752869,0.413570252809958
"WXJ8352N","이성권","국민의힘","conservative",22,0.576289594173431,0.336585139897656
"DWK26447","이인선","국민의힘","conservative",22,0.712327480316162,0.425120244435027
"HSW1214Q","이종배","국민의힘","conservative",22,0.685960412025452,0.407960236927906
"NLS46526","이종욱","국민의힘","conservative",22,0.834235846996307,0.504459686512821
"TZP9391O","이철규","국민의힘","conservative",22,0.883438527584076,0.536481387179256
"EVH1507C","이헌승","국민의힘","conservative",22,0.74546629190445,0.446687384526684
"B7789327","인요한","국민의힘","conservative",22,0.641812801361084,0.379228437014873
"X639721U","임미애","더불어민주당","liberal",22,-0.596577107906342,-0.426730720274456
"EH27538E","임이자","국민의힘","conservative",22,0.693248867988586,0.412703652375682
"RAJ1024Z","임종득","국민의힘","conservative",22,0.732311546802521,0.438126117031394
"KFM1081G","장동혁","국민의힘","conservative",22,0.711962640285492,0.424882802122663
"DAY6557K","정동만","국민의힘","conservative",22,0.712789237499237,0.425420761604424
"CGW7415Z","정성국","국민의힘","conservative",22,0.708482325077057,0.422617770817498
"8XE7026P","정연욱","국민의힘","conservative",22,0.716042995452881,0.427538346703202
"5KV82250","조경태","국민의힘","conservative",22,0.303990304470062,0.159369462979201
"ME83002L","조승환","국민의힘","conservative",22,0.791512310504913,0.476654691325649
"MQU41854","조은희","국민의힘","conservative",22,0.709397971630096,0.423213684688194
"WJL30106","조정훈","국민의힘","conservative",22,0.63370031118393,0.373948730116611
"3NI5978A","조지연","국민의힘","conservative",22,0.723886966705322,0.432643298231885
"QDU1100U","진종오","국민의힘","conservative",22,0.702018141746521,0.418410801985909
"UOS16250","최보윤","국민의힘","conservative",22,0.81391966342926,0.491237668096409
"A0P4646G","최형두","국민의힘","conservative",22,0.697294116020203,0.415336348806902
"G152611B","추경호","국민의힘","conservative",22,0.706246435642242,0.421162626883273
"JQA21112","한기호","국민의힘","conservative",22,1,0.612341005686899
"Q918403D","한지아","국민의힘","conservative",22,0.612192273139954,0.359951038366099
"M2Q9024I","김종민","무소속","independent",22,-0.503058969974518,-0.365867983042217
"UQ282145","이재정","더불어민주당","liberal",22,-0.57663768529892,-0.413753902455406
"GDG1847Z","권성동","국민의힘","conservative",22,0.848509132862091,0.513748913889474
"TQP7167T","김건","국민의힘","conservative",22,0.608945429325104,0.357837953072619
"X7I4680R","김기현","국민의힘","conservative",22,0.751404881477356,0.450552290572712
"ZYP7962W","김석기","국민의힘","conservative",22,0.722183644771576,0.431534755679946
"X7E7893P","김장겸","국민의힘","conservative",22,0.778923392295837,0.468461670827789
"P0F1530P","김태호","국민의힘","conservative",22,0.567498922348022,0.330864064165857
"FU87526G","박수영","국민의힘","conservative",22,0.912632703781128,0.555481310765076
"AEJ19639","박정훈","국민의힘","conservative",22,0.629505157470703,0.37121847325154
"GP21946O","박충권","국민의힘","conservative",22,0.81798779964447,0.493885260434826
"7XY7109I","성일종","국민의힘","conservative",22,0.719228267669678,0.429611360454667
"6EN68926","송언석","국민의힘","conservative",22,0.702444076538086,0.418688005508887
"OWD1018N","신동욱","국민의힘","conservative",22,0.794528067111969,0.478617382264442
"RMC1840P","신성범","국민의힘","conservative",22,0.656382441520691,0.388710535356575
"8348421R","엄태영","국민의힘","conservative",22,0.734170734882355,0.439336099159682
"8UC4779G","우재준","국민의힘","conservative",22,0.634482979774475,0.374458100318154
"MU69217P","유상범","국민의힘","conservative",22,0.789379894733429,0.475266889305207
"8L52480G","이상휘","국민의힘","conservative",22,0.657778441905975,0.389619069321266
"LJK4960Z","정점식","국민의힘","conservative",22,0.734763205051422,0.439721685924082
"IWK63872","조배숙","국민의힘","conservative",22,0.656535446643829,0.388810112944524
"GJK57930","주진우","국민의힘","conservative",22,0.626329720020294,0.369151860085199
"WJG74792","최수진","국민의힘","conservative",22,0.758524775505066,0.455186003870616
"UF53617M","최은석","국민의힘","conservative",22,0.930061757564545,0.566824350137823
"1SR94244","김소희","국민의힘","conservative",22,0.773651838302612,0.465030879618824
"CNW5754J","송석준","국민의힘","conservative",22,0.721846997737885,0.431315661711602
"8X15119P","윤한홍","국민의힘","conservative",22,0.949609816074371,0.579546463460389
"8SV6917G","주호영","국민의힘","conservative",22,0.737753689289093,0.44166792929868
"9VR65006","윤영석","국민의힘","conservative",22,0.604583024978638,0.354998847469027
"MSY7784L","윤상현","국민의힘","conservative",22,0.699302852153778,0.41664365862049
"S9U45255","이양수","국민의힘","conservative",22,0.82498437166214,0.498438714274426
"YN160848","백선희","조국혁신당","rebuilding",22,-0.63073456287384,-0.448960805819193
"2KM3589W","손솔","진보당","progressive",22,-0.968827545642853,-0.66899581534147
"CC78321E","최혁진","무소속","independent",22,-0.579216837882996,-0.415432446206148
"RBM5454A","이주희","더불어민주당","liberal",22,-0.475666850805283,-0.348040860003831
